id,created_at,updated_at,journal,account,entry_type,amount,memo,created_by
100010001,,,10001,42,CREDIT,4000.00,Employee pension payable - Amina Usman,
100010002,,,10001,35,CREDIT,45500.00,Net salary payment - Amina Usman,
100010003,,,10001,36,DEBIT,49500.00,Gross salary expense - Amina Usman,
100010004,,,10001,38,DEBIT,5000.00,Employer pension expense - Amina Usman,
100010005,,,10001,42,CREDIT,5000.00,Employer pension payable - Amina Usman,
100010006,,,10001,29,DEBIT,41.67,NSITF expense - Amina Usman,
100010007,,,10001,7,CREDIT,41.67,NSITF payable - Amina Usman,
100010008,,,10001,41,CREDIT,9944.25,PAYE payable - Bassey Etim,
100010009,,,10001,42,CREDIT,11960.00,Employee pension payable - Bassey Etim,
100010010,,,10001,44,CREDIT,1495.00,NHF payable - Bassey Etim,
100010011,,,10001,35,CREDIT,134550.00,Net salary payment - Bassey Etim,
100010012,,,10001,36,DEBIT,157949.25,Gross salary expense - Bassey Etim,
100010013,,,10001,38,DEBIT,14950.00,Employer pension expense - Bassey Etim,
100010014,,,10001,42,CREDIT,14950.00,Employer pension payable - Bassey Etim,
100010015,,,10001,29,DEBIT,124.58,NSITF expense - Bassey Etim,
100010016,,,10001,7,CREDIT,124.58,NSITF payable - Bassey Etim,
100010017,,,10001,41,CREDIT,23737.63,PAYE payable - Chinedu Okoye,
100010018,,,10001,42,CREDIT,19920.00,Employee pension payable - Chinedu Okoye,
100010019,,,10001,43,CREDIT,1037.50,Employee health payable - Chinedu Okoye,
100010020,,,10001,35,CREDIT,226590.00,Net salary payment - Chinedu Okoye,
100010021,,,10001,36,DEBIT,271285.13,Gross salary expense - Chinedu Okoye,
100010022,,,10001,38,DEBIT,24900.00,Employer pension expense - Chinedu Okoye,
100010023,,,10001,42,CREDIT,24900.00,Employer pension payable - Chinedu Okoye,
100010024,,,10001,39,DEBIT,2075.00,Employer health expense - Chinedu Okoye,
100010025,,,10001,43,CREDIT,2075.00,Employer health payable - Chinedu Okoye,
100010026,,,10001,29,DEBIT,207.50,NSITF expense - Chinedu Okoye,
100010027,,,10001,7,CREDIT,207.50,NSITF payable - Chinedu Okoye,
100010028,,,10001,41,CREDIT,39014.30,PAYE payable - Damilola Adebayo,
100010029,,,10001,42,CREDIT,27880.00,Employee pension payable - Damilola Adebayo,
100010030,,,10001,44,CREDIT,3485.00,NHF payable - Damilola Adebayo,
100010031,,,10001,35,CREDIT,313650.00,Net salary payment - Damilola Adebayo,
100010032,,,10001,36,DEBIT,384029.30,Gross salary expense - Damilola Adebayo,
100010033,,,10001,38,DEBIT,34850.00,Employer pension expense - Damilola Adebayo,
100010034,,,10001,42,CREDIT,34850.00,Employer pension payable - Damilola Adebayo,
100010035,,,10001,29,DEBIT,290.42,NSITF expense - Damilola Adebayo,
100010036,,,10001,7,CREDIT,290.42,NSITF payable - Damilola Adebayo,
100010037,,,10001,41,CREDIT,56111.30,PAYE payable - Efe Akpan,
100010038,,,10001,42,CREDIT,35840.00,Employee pension payable - Efe Akpan,
100010039,,,10001,35,CREDIT,407680.00,Net salary payment - Efe Akpan,
100010040,,,10001,36,DEBIT,499631.30,Gross salary expense - Efe Akpan,
100010041,,,10001,38,DEBIT,44800.00,Employer pension expense - Efe Akpan,
100010042,,,10001,42,CREDIT,44800.00,Employer pension payable - Efe Akpan,
100010043,,,10001,29,DEBIT,373.33,NSITF expense - Efe Akpan,
100010044,,,10001,7,CREDIT,373.33,NSITF payable - Efe Akpan,
100010045,,,10001,41,CREDIT,70774.25,PAYE payable - Femi Olaoye,
100010046,,,10001,42,CREDIT,43800.00,Employee pension payable - Femi Olaoye,
100010047,,,10001,44,CREDIT,5475.00,NHF payable - Femi Olaoye,
100010048,,,10001,43,CREDIT,4562.50,Employee health payable - Femi Olaoye,
100010049,,,10001,35,CREDIT,492750.00,Net salary payment - Femi Olaoye,
100010050,,,10001,36,DEBIT,617361.75,Gross salary expense - Femi Olaoye,
100010051,,,10001,38,DEBIT,54750.00,Employer pension expense - Femi Olaoye,
100010052,,,10001,42,CREDIT,54750.00,Employer pension payable - Femi Olaoye,
100010053,,,10001,39,DEBIT,2281.25,Employer health expense - Femi Olaoye,
100010054,,,10001,43,CREDIT,2281.25,Employer health payable - Femi Olaoye,
100010055,,,10001,29,DEBIT,456.25,NSITF expense - Femi Olaoye,
100010056,,,10001,7,CREDIT,456.25,NSITF payable - Femi Olaoye,
100010057,,,10001,41,CREDIT,89050.70,PAYE payable - Grace Nwankwo,
100010058,,,10001,42,CREDIT,51760.00,Employee pension payable - Grace Nwankwo,
100010059,,,10001,35,CREDIT,588770.00,Net salary payment - Grace Nwankwo,
100010060,,,10001,36,DEBIT,729580.70,Gross salary expense - Grace Nwankwo,
100010061,,,10001,38,DEBIT,64700.00,Employer pension expense - Grace Nwankwo,
100010062,,,10001,42,CREDIT,64700.00,Employer pension payable - Grace Nwankwo,
100010063,,,10001,29,DEBIT,539.17,NSITF expense - Grace Nwankwo,
100010064,,,10001,7,CREDIT,539.17,NSITF payable - Grace Nwankwo,
100010065,,,10001,41,CREDIT,104176.70,PAYE payable - Hauwa Bello,
100010066,,,10001,42,CREDIT,59720.00,Employee pension payable - Hauwa Bello,
100010067,,,10001,44,CREDIT,7465.00,NHF payable - Hauwa Bello,
100010068,,,10001,35,CREDIT,671850.00,Net salary payment - Hauwa Bello,
100010069,,,10001,36,DEBIT,843211.70,Gross salary expense - Hauwa Bello,
100010070,,,10001,38,DEBIT,74650.00,Employer pension expense - Hauwa Bello,
100010071,,,10001,42,CREDIT,74650.00,Employer pension payable - Hauwa Bello,
100010072,,,10001,29,DEBIT,622.08,NSITF expense - Hauwa Bello,
100010073,,,10001,7,CREDIT,622.08,NSITF payable - Hauwa Bello,
100010074,,,10001,41,CREDIT,120721.10,PAYE payable - Ifeanyi Okafor,
100010075,,,10001,42,CREDIT,67680.00,Employee pension payable - Ifeanyi Okafor,
100010076,,,10001,43,CREDIT,7050.00,Employee health payable - Ifeanyi Okafor,
100010077,,,10001,35,CREDIT,769860.00,Net salary payment - Ifeanyi Okafor,
100010078,,,10001,36,DEBIT,965311.10,Gross salary expense - Ifeanyi Okafor,
100010079,,,10001,38,DEBIT,84600.00,Employer pension expense - Ifeanyi Okafor,
100010080,,,10001,42,CREDIT,84600.00,Employer pension payable - Ifeanyi Okafor,
100010081,,,10001,39,DEBIT,3525.00,Employer health expense - Ifeanyi Okafor,
100010082,,,10001,43,CREDIT,3525.00,Employer health payable - Ifeanyi Okafor,
100010083,,,10001,29,DEBIT,705.00,NSITF expense - Ifeanyi Okafor,
100010084,,,10001,7,CREDIT,705.00,NSITF payable - Ifeanyi Okafor,
100010085,,,10001,19,CREDIT,32500.00,IOU recovery - Jumoke Adeyemi,
100010086,,,10001,41,CREDIT,136757.90,PAYE payable - Jumoke Adeyemi,
100010087,,,10001,42,CREDIT,75640.00,Employee pension payable - Jumoke Adeyemi,
100010088,,,10001,44,CREDIT,9455.00,NHF payable - Jumoke Adeyemi,
100010089,,,10001,35,CREDIT,850950.00,Net salary payment - Jumoke Adeyemi,
100010090,,,10001,36,DEBIT,1105302.90,Gross salary expense - Jumoke Adeyemi,
100010091,,,10001,38,DEBIT,94550.00,Employer pension expense - Jumoke Adeyemi,
100010092,,,10001,42,CREDIT,94550.00,Employer pension payable - Jumoke Adeyemi,
100010093,,,10001,29,DEBIT,787.92,NSITF expense - Jumoke Adeyemi,
100010094,,,10001,7,CREDIT,787.92,NSITF payable - Jumoke Adeyemi,
100010095,,,10001,41,CREDIT,154929.50,PAYE payable - Kelechi Eze,
100010096,,,10001,42,CREDIT,83600.00,Employee pension payable - Kelechi Eze,
100010097,,,10001,35,CREDIT,950950.00,Net salary payment - Kelechi Eze,
100010098,,,10001,36,DEBIT,1189479.50,Gross salary expense - Kelechi Eze,
100010099,,,10001,38,DEBIT,104500.00,Employer pension expense - Kelechi Eze,
100010100,,,10001,42,CREDIT,104500.00,Employer pension payable - Kelechi Eze,
100010101,,,10001,29,DEBIT,870.83,NSITF expense - Kelechi Eze,
100010102,,,10001,7,CREDIT,870.83,NSITF payable - Kelechi Eze,
100010103,,,10001,41,CREDIT,167474.64,PAYE payable - Ladi Balogun,
100010104,,,10001,42,CREDIT,91560.00,Employee pension payable - Ladi Balogun,
100010105,,,10001,44,CREDIT,11445.00,NHF payable - Ladi Balogun,
100010106,,,10001,43,CREDIT,14306.25,Employee health payable - Ladi Balogun,
100010107,,,10001,35,CREDIT,1030050.00,Net salary payment - Ladi Balogun,
100010108,,,10001,36,DEBIT,1314835.89,Gross salary expense - Ladi Balogun,
100010109,,,10001,38,DEBIT,114450.00,Employer pension expense - Ladi Balogun,
100010110,,,10001,42,CREDIT,114450.00,Employer pension payable - Ladi Balogun,
100010111,,,10001,29,DEBIT,953.75,NSITF expense - Ladi Balogun,
100010112,,,10001,7,CREDIT,953.75,NSITF payable - Ladi Balogun,
100010113,,,10001,41,CREDIT,192097.05,PAYE payable - Musa Ibrahim,
100010114,,,10001,42,CREDIT,99520.00,Employee pension payable - Musa Ibrahim,
100010115,,,10001,35,CREDIT,1132040.00,Net salary payment - Musa Ibrahim,
100010116,,,10001,36,DEBIT,1423657.05,Gross salary expense - Musa Ibrahim,
100010117,,,10001,38,DEBIT,124400.00,Employer pension expense - Musa Ibrahim,
100010118,,,10001,42,CREDIT,124400.00,Employer pension payable - Musa Ibrahim,
100010119,,,10001,29,DEBIT,1036.67,NSITF expense - Musa Ibrahim,
100010120,,,10001,7,CREDIT,1036.67,NSITF payable - Musa Ibrahim,
100010121,,,10001,41,CREDIT,208490.35,PAYE payable - Ngozi Okoro,
100010122,,,10001,42,CREDIT,107480.00,Employee pension payable - Ngozi Okoro,
100010123,,,10001,44,CREDIT,13435.00,NHF payable - Ngozi Okoro,
100010124,,,10001,35,CREDIT,1209150.00,Net salary payment - Ngozi Okoro,
100010125,,,10001,36,DEBIT,1538555.35,Gross salary expense - Ngozi Okoro,
100010126,,,10001,38,DEBIT,134350.00,Employer pension expense - Ngozi Okoro,
100010127,,,10001,42,CREDIT,134350.00,Employer pension payable - Ngozi Okoro,
100010128,,,10001,29,DEBIT,1119.58,NSITF expense - Ngozi Okoro,
100010129,,,10001,7,CREDIT,1119.58,NSITF payable - Ngozi Okoro,
100010130,,,10001,41,CREDIT,226738.48,PAYE payable - Obinna Nnamdi,
100010131,,,10001,42,CREDIT,115440.00,Employee pension payable - Obinna Nnamdi,
100010132,,,10001,43,CREDIT,18037.50,Employee health payable - Obinna Nnamdi,
100010133,,,10001,35,CREDIT,1313130.00,Net salary payment - Obinna Nnamdi,
100010134,,,10001,36,DEBIT,1673345.98,Gross salary expense - Obinna Nnamdi,
100010135,,,10001,38,DEBIT,144300.00,Employer pension expense - Obinna Nnamdi,
100010136,,,10001,42,CREDIT,144300.00,Employer pension payable - Obinna Nnamdi,
100010137,,,10001,29,DEBIT,1202.50,NSITF expense - Obinna Nnamdi,
100010138,,,10001,7,CREDIT,1202.50,NSITF payable - Obinna Nnamdi,
100010139,,,10001,41,CREDIT,246501.75,PAYE payable - Patience Udo,
100010140,,,10001,42,CREDIT,123400.00,Employee pension payable - Patience Udo,
100010141,,,10001,44,CREDIT,15425.00,NHF payable - Patience Udo,
100010142,,,10001,35,CREDIT,1388250.00,Net salary payment - Patience Udo,
100010143,,,10001,36,DEBIT,1773576.75,Gross salary expense - Patience Udo,
100010144,,,10001,38,DEBIT,154250.00,Employer pension expense - Patience Udo,
100010145,,,10001,42,CREDIT,154250.00,Employer pension payable - Patience Udo,
100010146,,,10001,29,DEBIT,1285.42,NSITF expense - Patience Udo,
100010147,,,10001,7,CREDIT,1285.42,NSITF payable - Patience Udo,
100010148,,,10001,41,CREDIT,268955.65,PAYE payable - Queen Yakubu,
100010149,,,10001,42,CREDIT,131360.00,Employee pension payable - Queen Yakubu,
100010150,,,10001,35,CREDIT,1494220.00,Net salary payment - Queen Yakubu,
100010151,,,10001,36,DEBIT,1894535.65,Gross salary expense - Queen Yakubu,
100010152,,,10001,38,DEBIT,164200.00,Employer pension expense - Queen Yakubu,
100010153,,,10001,42,CREDIT,164200.00,Employer pension payable - Queen Yakubu,
100010154,,,10001,29,DEBIT,1368.33,NSITF expense - Queen Yakubu,
100010155,,,10001,7,CREDIT,1368.33,NSITF payable - Queen Yakubu,
100010156,,,10001,41,CREDIT,279941.71,PAYE payable - Rotimi Lawal,
100010157,,,10001,42,CREDIT,139320.00,Employee pension payable - Rotimi Lawal,
100010158,,,10001,44,CREDIT,17415.00,NHF payable - Rotimi Lawal,
100010159,,,10001,43,CREDIT,21768.75,Employee health payable - Rotimi Lawal,
100010160,,,10001,35,CREDIT,1567350.00,Net salary payment - Rotimi Lawal,
100010161,,,10001,36,DEBIT,2025795.46,Gross salary expense - Rotimi Lawal,
100010162,,,10001,38,DEBIT,174150.00,Employer pension expense - Rotimi Lawal,
100010163,,,10001,42,CREDIT,174150.00,Employer pension payable - Rotimi Lawal,
100010164,,,10001,29,DEBIT,1451.25,NSITF expense - Rotimi Lawal,
100010165,,,10001,7,CREDIT,1451.25,NSITF payable - Rotimi Lawal,
100010166,,,10001,41,CREDIT,307384.95,PAYE payable - Sade Ekanem,
100010167,,,10001,42,CREDIT,147280.00,Employee pension payable - Sade Ekanem,
100010168,,,10001,35,CREDIT,1675310.00,Net salary payment - Sade Ekanem,
100010169,,,10001,36,DEBIT,2129974.95,Gross salary expense - Sade Ekanem,
100010170,,,10001,38,DEBIT,184100.00,Employer pension expense - Sade Ekanem,
100010171,,,10001,42,CREDIT,184100.00,Employer pension payable - Sade Ekanem,
100010172,,,10001,29,DEBIT,1534.17,NSITF expense - Sade Ekanem,
100010173,,,10001,7,CREDIT,1534.17,NSITF payable - Sade Ekanem,
100010174,,,10001,19,CREDIT,35000.00,IOU recovery - Tunde Ogunleye,
100010175,,,10001,41,CREDIT,322524.55,PAYE payable - Tunde Ogunleye,
100010176,,,10001,42,CREDIT,155240.00,Employee pension payable - Tunde Ogunleye,
100010177,,,10001,44,CREDIT,19405.00,NHF payable - Tunde Ogunleye,
100010178,,,10001,35,CREDIT,1746450.00,Net salary payment - Tunde Ogunleye,
100010179,,,10001,36,DEBIT,2278619.55,Gross salary expense - Tunde Ogunleye,
100010180,,,10001,38,DEBIT,194050.00,Employer pension expense - Tunde Ogunleye,
100010181,,,10001,42,CREDIT,194050.00,Employer pension payable - Tunde Ogunleye,
100010182,,,10001,29,DEBIT,1617.08,NSITF expense - Tunde Ogunleye,
100010183,,,10001,7,CREDIT,1617.08,NSITF payable - Tunde Ogunleye,
100010184,,,10001,41,CREDIT,340459.25,PAYE payable - Amina Etim,
100010185,,,10001,42,CREDIT,163200.00,Employee pension payable - Amina Etim,
100010186,,,10001,43,CREDIT,25500.00,Employee health payable - Amina Etim,
100010187,,,10001,35,CREDIT,1856400.00,Net salary payment - Amina Etim,
100010188,,,10001,36,DEBIT,2385559.25,Gross salary expense - Amina Etim,
100010189,,,10001,38,DEBIT,204000.00,Employer pension expense - Amina Etim,
100010190,,,10001,42,CREDIT,204000.00,Employer pension payable - Amina Etim,
100010191,,,10001,29,DEBIT,1700.00,NSITF expense - Amina Etim,
100010192,,,10001,7,CREDIT,1700.00,NSITF payable - Amina Etim,
100010193,,,10001,41,CREDIT,360535.95,PAYE payable - Bassey Okoye,
100010194,,,10001,42,CREDIT,171160.00,Employee pension payable - Bassey Okoye,
100010195,,,10001,44,CREDIT,21395.00,NHF payable - Bassey Okoye,
100010196,,,10001,35,CREDIT,1925550.00,Net salary payment - Bassey Okoye,
100010197,,,10001,36,DEBIT,2478640.95,Gross salary expense - Bassey Okoye,
100010198,,,10001,38,DEBIT,213950.00,Employer pension expense - Bassey Okoye,
100010199,,,10001,42,CREDIT,213950.00,Employer pension payable - Bassey Okoye,
100010200,,,10001,29,DEBIT,1782.92,NSITF expense - Bassey Okoye,
100010201,,,10001,7,CREDIT,1782.92,NSITF payable - Bassey Okoye,
100010202,,,10001,41,CREDIT,384243.55,PAYE payable - Chinedu Adebayo,
100010203,,,10001,42,CREDIT,179120.00,Employee pension payable - Chinedu Adebayo,
100010204,,,10001,35,CREDIT,2037490.00,Net salary payment - Chinedu Adebayo,
100010205,,,10001,36,DEBIT,2600853.55,Gross salary expense - Chinedu Adebayo,
100010206,,,10001,38,DEBIT,223900.00,Employer pension expense - Chinedu Adebayo,
100010207,,,10001,42,CREDIT,223900.00,Employer pension payable - Chinedu Adebayo,
100010208,,,10001,29,DEBIT,1865.83,NSITF expense - Chinedu Adebayo,
100010209,,,10001,7,CREDIT,1865.83,NSITF payable - Chinedu Adebayo,
100010210,,,10001,41,CREDIT,392638.20,PAYE payable - Damilola Akpan,
100010211,,,10001,42,CREDIT,187080.00,Employee pension payable - Damilola Akpan,
100010212,,,10001,44,CREDIT,23385.00,NHF payable - Damilola Akpan,
100010213,,,10001,43,CREDIT,29231.25,Employee health payable - Damilola Akpan,
100010214,,,10001,35,CREDIT,2104650.00,Net salary payment - Damilola Akpan,
100010215,,,10001,36,DEBIT,2736984.45,Gross salary expense - Damilola Akpan,
100010216,,,10001,38,DEBIT,233850.00,Employer pension expense - Damilola Akpan,
100010217,,,10001,42,CREDIT,233850.00,Employer pension payable - Damilola Akpan,
100010218,,,10001,29,DEBIT,1948.75,NSITF expense - Damilola Akpan,
100010219,,,10001,7,CREDIT,1948.75,NSITF payable - Damilola Akpan,
100010220,,,10001,41,CREDIT,425784.55,PAYE payable - Efe Olaoye,
100010221,,,10001,42,CREDIT,195040.00,Employee pension payable - Efe Olaoye,
100010222,,,10001,35,CREDIT,2218580.00,Net salary payment - Efe Olaoye,
100010223,,,10001,36,DEBIT,2839404.55,Gross salary expense - Efe Olaoye,
100010224,,,10001,38,DEBIT,243800.00,Employer pension expense - Efe Olaoye,
100010225,,,10001,42,CREDIT,243800.00,Employer pension payable - Efe Olaoye,
100010226,,,10001,29,DEBIT,2031.67,NSITF expense - Efe Olaoye,
100010227,,,10001,7,CREDIT,2031.67,NSITF payable - Efe Olaoye,
100010228,,,10001,41,CREDIT,440992.92,PAYE payable - Femi Nwankwo,
100010229,,,10001,42,CREDIT,203000.00,Employee pension payable - Femi Nwankwo,
100010230,,,10001,44,CREDIT,25375.00,NHF payable - Femi Nwankwo,
100010231,,,10001,35,CREDIT,2283750.00,Net salary payment - Femi Nwankwo,
100010232,,,10001,36,DEBIT,2953117.92,Gross salary expense - Femi Nwankwo,
100010233,,,10001,38,DEBIT,253750.00,Employer pension expense - Femi Nwankwo,
100010234,,,10001,42,CREDIT,253750.00,Employer pension payable - Femi Nwankwo,
100010235,,,10001,29,DEBIT,2114.58,NSITF expense - Femi Nwankwo,
100010236,,,10001,7,CREDIT,2114.58,NSITF payable - Femi Nwankwo,
100010237,,,10001,41,CREDIT,460292.41,PAYE payable - Grace Bello,
100010238,,,10001,42,CREDIT,210960.00,Employee pension payable - Grace Bello,
100010239,,,10001,43,CREDIT,32962.50,Employee health payable - Grace Bello,
100010240,,,10001,35,CREDIT,2399670.00,Net salary payment - Grace Bello,
100010241,,,10001,36,DEBIT,3103884.91,Gross salary expense - Grace Bello,
100010242,,,10001,38,DEBIT,263700.00,Employer pension expense - Grace Bello,
100010243,,,10001,42,CREDIT,263700.00,Employer pension payable - Grace Bello,
100010244,,,10001,29,DEBIT,2197.50,NSITF expense - Grace Bello,
100010245,,,10001,7,CREDIT,2197.50,NSITF payable - Grace Bello,
100010246,,,10001,41,CREDIT,482624.45,PAYE payable - Hauwa Okafor,
100010247,,,10001,42,CREDIT,218920.00,Employee pension payable - Hauwa Okafor,
100010248,,,10001,44,CREDIT,27365.00,NHF payable - Hauwa Okafor,
100010249,,,10001,35,CREDIT,2462850.00,Net salary payment - Hauwa Okafor,
100010250,,,10001,36,DEBIT,3191759.45,Gross salary expense - Hauwa Okafor,
100010251,,,10001,38,DEBIT,273650.00,Employer pension expense - Hauwa Okafor,
100010252,,,10001,42,CREDIT,273650.00,Employer pension payable - Hauwa Okafor,
100010253,,,10001,29,DEBIT,2280.42,NSITF expense - Hauwa Okafor,
100010254,,,10001,7,CREDIT,2280.42,NSITF payable - Hauwa Okafor,
100010255,,,10001,41,CREDIT,509963.02,PAYE payable - Ifeanyi Adeyemi,
100010256,,,10001,42,CREDIT,226880.00,Employee pension payable - Ifeanyi Adeyemi,
100010257,,,10001,35,CREDIT,2580760.00,Net salary payment - Ifeanyi Adeyemi,
100010258,,,10001,36,DEBIT,3317603.02,Gross salary expense - Ifeanyi Adeyemi,
100010259,,,10001,38,DEBIT,283600.00,Employer pension expense - Ifeanyi Adeyemi,
100010260,,,10001,42,CREDIT,283600.00,Employer pension payable - Ifeanyi Adeyemi,
100010261,,,10001,29,DEBIT,2363.33,NSITF expense - Ifeanyi Adeyemi,
100010262,,,10001,7,CREDIT,2363.33,NSITF payable - Ifeanyi Adeyemi,
100010263,,,10001,19,CREDIT,37500.00,IOU recovery - Jumoke Eze,
100010264,,,10001,41,CREDIT,515816.42,PAYE payable - Jumoke Eze,
100010265,,,10001,42,CREDIT,234840.00,Employee pension payable - Jumoke Eze,
100010266,,,10001,44,CREDIT,29355.00,NHF payable - Jumoke Eze,
100010267,,,10001,43,CREDIT,36693.75,Employee health payable - Jumoke Eze,
100010268,,,10001,35,CREDIT,2641950.00,Net salary payment - Jumoke Eze,
100010269,,,10001,36,DEBIT,3496155.17,Gross salary expense - Jumoke Eze,
100010270,,,10001,38,DEBIT,293550.00,Employer pension expense - Jumoke Eze,
100010271,,,10001,42,CREDIT,293550.00,Employer pension payable - Jumoke Eze,
100010272,,,10001,29,DEBIT,2446.25,NSITF expense - Jumoke Eze,
100010273,,,10001,7,CREDIT,2446.25,NSITF payable - Jumoke Eze,
100010274,,,10001,41,CREDIT,552052.25,PAYE payable - Kelechi Balogun,
100010275,,,10001,42,CREDIT,242800.00,Employee pension payable - Kelechi Balogun,
100010276,,,10001,35,CREDIT,2761850.00,Net salary payment - Kelechi Balogun,
100010277,,,10001,36,DEBIT,3556702.25,Gross salary expense - Kelechi Balogun,
100010278,,,10001,38,DEBIT,303500.00,Employer pension expense - Kelechi Balogun,
100010279,,,10001,42,CREDIT,303500.00,Employer pension payable - Kelechi Balogun,
100010280,,,10001,29,DEBIT,2529.17,NSITF expense - Kelechi Balogun,
100010281,,,10001,7,CREDIT,2529.17,NSITF payable - Kelechi Balogun,
100010282,,,10001,41,CREDIT,565887.52,PAYE payable - Ladi Ibrahim,
100010283,,,10001,42,CREDIT,250760.00,Employee pension payable - Ladi Ibrahim,
100010284,,,10001,44,CREDIT,31345.00,NHF payable - Ladi Ibrahim,
100010285,,,10001,35,CREDIT,2821050.00,Net salary payment - Ladi Ibrahim,
100010286,,,10001,36,DEBIT,3669042.52,Gross salary expense - Ladi Ibrahim,
100010287,,,10001,38,DEBIT,313450.00,Employer pension expense - Ladi Ibrahim,
100010288,,,10001,42,CREDIT,313450.00,Employer pension payable - Ladi Ibrahim,
100010289,,,10001,29,DEBIT,2612.08,NSITF expense - Ladi Ibrahim,
100010290,,,10001,7,CREDIT,2612.08,NSITF payable - Ladi Ibrahim,
100010291,,,10001,41,CREDIT,584843.73,PAYE payable - Musa Okoro,
100010292,,,10001,42,CREDIT,258720.00,Employee pension payable - Musa Okoro,
100010293,,,10001,43,CREDIT,40425.00,Employee health payable - Musa Okoro,
100010294,,,10001,35,CREDIT,2942940.00,Net salary payment - Musa Okoro,
100010295,,,10001,36,DEBIT,3826928.73,Gross salary expense - Musa Okoro,
100010296,,,10001,38,DEBIT,323400.00,Employer pension expense - Musa Okoro,
100010297,,,10001,42,CREDIT,323400.00,Employer pension payable - Musa Okoro,
100010298,,,10001,29,DEBIT,2695.00,NSITF expense - Musa Okoro,
100010299,,,10001,7,CREDIT,2695.00,NSITF payable - Musa Okoro,
100010300,,,10001,41,CREDIT,607519.05,PAYE payable - Ngozi Nnamdi,
100010301,,,10001,42,CREDIT,266680.00,Employee pension payable - Ngozi Nnamdi,
100010302,,,10001,44,CREDIT,33335.00,NHF payable - Ngozi Nnamdi,
100010303,,,10001,35,CREDIT,3000150.00,Net salary payment - Ngozi Nnamdi,
100010304,,,10001,36,DEBIT,3907684.05,Gross salary expense - Ngozi Nnamdi,
100010305,,,10001,38,DEBIT,333350.00,Employer pension expense - Ngozi Nnamdi,
100010306,,,10001,42,CREDIT,333350.00,Employer pension payable - Ngozi Nnamdi,
100010307,,,10001,29,DEBIT,2777.92,NSITF expense - Ngozi Nnamdi,
100010308,,,10001,7,CREDIT,2777.92,NSITF payable - Ngozi Nnamdi,
100010309,,,10001,41,CREDIT,636230.72,PAYE payable - Obinna Udo,
100010310,,,10001,42,CREDIT,274640.00,Employee pension payable - Obinna Udo,
100010311,,,10001,35,CREDIT,3124030.00,Net salary payment - Obinna Udo,
100010312,,,10001,36,DEBIT,4034900.72,Gross salary expense - Obinna Udo,
100010313,,,10001,38,DEBIT,343300.00,Employer pension expense - Obinna Udo,
100010314,,,10001,42,CREDIT,343300.00,Employer pension payable - Obinna Udo,
100010315,,,10001,29,DEBIT,2860.83,NSITF expense - Obinna Udo,
100010316,,,10001,7,CREDIT,2860.83,NSITF payable - Obinna Udo,
100010317,,,10001,41,CREDIT,638994.65,PAYE payable - Patience Yakubu,
100010318,,,10001,42,CREDIT,282600.00,Employee pension payable - Patience Yakubu,
100010319,,,10001,44,CREDIT,35325.00,NHF payable - Patience Yakubu,
100010320,,,10001,43,CREDIT,44156.25,Employee health payable - Patience Yakubu,
100010321,,,10001,35,CREDIT,3179250.00,Net salary payment - Patience Yakubu,
100010322,,,10001,36,DEBIT,4180325.90,Gross salary expense - Patience Yakubu,
100010323,,,10001,38,DEBIT,353250.00,Employer pension expense - Patience Yakubu,
100010324,,,10001,42,CREDIT,353250.00,Employer pension payable - Patience Yakubu,
100010325,,,10001,29,DEBIT,2943.75,NSITF expense - Patience Yakubu,
100010326,,,10001,7,CREDIT,2943.75,NSITF payable - Patience Yakubu,
100010327,,,10001,41,CREDIT,678319.95,PAYE payable - Queen Lawal,
100010328,,,10001,42,CREDIT,290560.00,Employee pension payable - Queen Lawal,
100010329,,,10001,35,CREDIT,3305120.00,Net salary payment - Queen Lawal,
100010330,,,10001,36,DEBIT,4273999.95,Gross salary expense - Queen Lawal,
100010331,,,10001,38,DEBIT,363200.00,Employer pension expense - Queen Lawal,
100010332,,,10001,42,CREDIT,363200.00,Employer pension payable - Queen Lawal,
100010333,,,10001,29,DEBIT,3026.67,NSITF expense - Queen Lawal,
100010334,,,10001,7,CREDIT,3026.67,NSITF payable - Queen Lawal,
100010335,,,10001,41,CREDIT,690782.12,PAYE payable - Rotimi Ekanem,
100010336,,,10001,42,CREDIT,298520.00,Employee pension payable - Rotimi Ekanem,
100010337,,,10001,44,CREDIT,37315.00,NHF payable - Rotimi Ekanem,
100010338,,,10001,35,CREDIT,3358350.00,Net salary payment - Rotimi Ekanem,
100010339,,,10001,36,DEBIT,4384967.12,Gross salary expense - Rotimi Ekanem,
100010340,,,10001,38,DEBIT,373150.00,Employer pension expense - Rotimi Ekanem,
100010341,,,10001,42,CREDIT,373150.00,Employer pension payable - Rotimi Ekanem,
100010342,,,10001,29,DEBIT,3109.58,NSITF expense - Rotimi Ekanem,
100010343,,,10001,7,CREDIT,3109.58,NSITF payable - Rotimi Ekanem,
100010344,,,10001,41,CREDIT,709395.06,PAYE payable - Sade Ogunleye,
100010345,,,10001,42,CREDIT,306480.00,Employee pension payable - Sade Ogunleye,
100010346,,,10001,43,CREDIT,47887.50,Employee health payable - Sade Ogunleye,
100010347,,,10001,35,CREDIT,3486210.00,Net salary payment - Sade Ogunleye,
100010348,,,10001,36,DEBIT,4549972.56,Gross salary expense - Sade Ogunleye,
100010349,,,10001,38,DEBIT,383100.00,Employer pension expense - Sade Ogunleye,
100010350,,,10001,42,CREDIT,383100.00,Employer pension payable - Sade Ogunleye,
100010351,,,10001,29,DEBIT,3192.50,NSITF expense - Sade Ogunleye,
100010352,,,10001,7,CREDIT,3192.50,NSITF payable - Sade Ogunleye,
100010353,,,10001,19,CREDIT,40000.00,IOU recovery - Tunde Usman,
100010354,,,10001,41,CREDIT,732413.65,PAYE payable - Tunde Usman,
100010355,,,10001,42,CREDIT,314440.00,Employee pension payable - Tunde Usman,
100010356,,,10001,44,CREDIT,39305.00,NHF payable - Tunde Usman,
100010357,,,10001,35,CREDIT,3537450.00,Net salary payment - Tunde Usman,
100010358,,,10001,36,DEBIT,4663608.65,Gross salary expense - Tunde Usman,
100010359,,,10001,38,DEBIT,393050.00,Employer pension expense - Tunde Usman,
100010360,,,10001,42,CREDIT,393050.00,Employer pension payable - Tunde Usman,
100010361,,,10001,29,DEBIT,3275.42,NSITF expense - Tunde Usman,
100010362,,,10001,7,CREDIT,3275.42,NSITF payable - Tunde Usman,
100010363,,,10001,41,CREDIT,762498.42,PAYE payable - Amina Okoye,
100010364,,,10001,42,CREDIT,322400.00,Employee pension payable - Amina Okoye,
100010365,,,10001,35,CREDIT,3667300.00,Net salary payment - Amina Okoye,
100010366,,,10001,36,DEBIT,4752198.42,Gross salary expense - Amina Okoye,
100010367,,,10001,38,DEBIT,403000.00,Employer pension expense - Amina Okoye,
100010368,,,10001,42,CREDIT,403000.00,Employer pension payable - Amina Okoye,
100010369,,,10001,29,DEBIT,3358.33,NSITF expense - Amina Okoye,
100010370,,,10001,7,CREDIT,3358.33,NSITF payable - Amina Okoye,
100010371,,,10001,41,CREDIT,762172.87,PAYE payable - Bassey Adebayo,
100010372,,,10001,42,CREDIT,330360.00,Employee pension payable - Bassey Adebayo,
100010373,,,10001,44,CREDIT,41295.00,NHF payable - Bassey Adebayo,
100010374,,,10001,43,CREDIT,51618.75,Employee health payable - Bassey Adebayo,
100010375,,,10001,35,CREDIT,3716550.00,Net salary payment - Bassey Adebayo,
100010376,,,10001,36,DEBIT,4901996.62,Gross salary expense - Bassey Adebayo,
100010377,,,10001,38,DEBIT,412950.00,Employer pension expense - Bassey Adebayo,
100010378,,,10001,42,CREDIT,412950.00,Employer pension payable - Bassey Adebayo,
100010379,,,10001,29,DEBIT,3441.25,NSITF expense - Bassey Adebayo,
100010380,,,10001,7,CREDIT,3441.25,NSITF payable - Bassey Adebayo,
100010381,,,10001,41,CREDIT,804587.65,PAYE payable - Chinedu Akpan,
100010382,,,10001,42,CREDIT,338320.00,Employee pension payable - Chinedu Akpan,
100010383,,,10001,35,CREDIT,3848390.00,Net salary payment - Chinedu Akpan,
100010384,,,10001,36,DEBIT,4991297.65,Gross salary expense - Chinedu Akpan,
100010385,,,10001,38,DEBIT,422900.00,Employer pension expense - Chinedu Akpan,
100010386,,,10001,42,CREDIT,422900.00,Employer pension payable - Chinedu Akpan,
100010387,,,10001,29,DEBIT,3524.17,NSITF expense - Chinedu Akpan,
100010388,,,10001,7,CREDIT,3524.17,NSITF payable - Chinedu Akpan,
100010389,,,10001,41,CREDIT,815676.72,PAYE payable - Damilola Olaoye,
100010390,,,10001,42,CREDIT,346280.00,Employee pension payable - Damilola Olaoye,
100010391,,,10001,44,CREDIT,43285.00,NHF payable - Damilola Olaoye,
100010392,,,10001,35,CREDIT,3895650.00,Net salary payment - Damilola Olaoye,
100010393,,,10001,36,DEBIT,5100891.72,Gross salary expense - Damilola Olaoye,
100010394,,,10001,38,DEBIT,432850.00,Employer pension expense - Damilola Olaoye,
100010395,,,10001,42,CREDIT,432850.00,Employer pension payable - Damilola Olaoye,
100010396,,,10001,29,DEBIT,3607.08,NSITF expense - Damilola Olaoye,
100010397,,,10001,7,CREDIT,3607.08,NSITF payable - Damilola Olaoye,
100010398,,,10001,41,CREDIT,833946.38,PAYE payable - Efe Nwankwo,
100010399,,,10001,42,CREDIT,354240.00,Employee pension payable - Efe Nwankwo,
100010400,,,10001,43,CREDIT,55350.00,Employee health payable - Efe Nwankwo,
100010401,,,10001,35,CREDIT,4029480.00,Net salary payment - Efe Nwankwo,
100010402,,,10001,36,DEBIT,5273016.38,Gross salary expense - Efe Nwankwo,
100010403,,,10001,38,DEBIT,442800.00,Employer pension expense - Efe Nwankwo,
100010404,,,10001,42,CREDIT,442800.00,Employer pension payable - Efe Nwankwo,
100010405,,,10001,29,DEBIT,3690.00,NSITF expense - Efe Nwankwo,
100010406,,,10001,7,CREDIT,3690.00,NSITF payable - Efe Nwankwo,
100010407,,,10001,41,CREDIT,857308.25,PAYE payable - Femi Bello,
100010408,,,10001,42,CREDIT,362200.00,Employee pension payable - Femi Bello,
100010409,,,10001,44,CREDIT,45275.00,NHF payable - Femi Bello,
100010410,,,10001,35,CREDIT,4074750.00,Net salary payment - Femi Bello,
100010411,,,10001,36,DEBIT,5339533.25,Gross salary expense - Femi Bello,
100010412,,,10001,38,DEBIT,452750.00,Employer pension expense - Femi Bello,
100010413,,,10001,42,CREDIT,452750.00,Employer pension payable - Femi Bello,
100010414,,,10001,29,DEBIT,3772.92,NSITF expense - Femi Bello,
100010415,,,10001,7,CREDIT,3772.92,NSITF payable - Femi Bello,
100010416,,,10001,41,CREDIT,890470.42,PAYE payable - Grace Okafor,
100010417,,,10001,42,CREDIT,370160.00,Employee pension payable - Grace Okafor,
100010418,,,10001,35,CREDIT,4210570.00,Net salary payment - Grace Okafor,
100010419,,,10001,36,DEBIT,5471200.42,Gross salary expense - Grace Okafor,
100010420,,,10001,38,DEBIT,462700.00,Employer pension expense - Grace Okafor,
100010421,,,10001,42,CREDIT,462700.00,Employer pension payable - Grace Okafor,
100010422,,,10001,29,DEBIT,3855.83,NSITF expense - Grace Okafor,
100010423,,,10001,7,CREDIT,3855.83,NSITF payable - Grace Okafor,
100010424,,,10001,41,CREDIT,886758.44,PAYE payable - Hauwa Adeyemi,
100010425,,,10001,42,CREDIT,378120.00,Employee pension payable - Hauwa Adeyemi,
100010426,,,10001,44,CREDIT,47265.00,NHF payable - Hauwa Adeyemi,
100010427,,,10001,43,CREDIT,59081.25,Employee health payable - Hauwa Adeyemi,
100010428,,,10001,35,CREDIT,4253850.00,Net salary payment - Hauwa Adeyemi,
100010429,,,10001,36,DEBIT,5625074.69,Gross salary expense - Hauwa Adeyemi,
100010430,,,10001,38,DEBIT,472650.00,Employer pension expense - Hauwa Adeyemi,
100010431,,,10001,42,CREDIT,472650.00,Employer pension payable - Hauwa Adeyemi,
100010432,,,10001,29,DEBIT,3938.75,NSITF expense - Hauwa Adeyemi,
100010433,,,10001,7,CREDIT,3938.75,NSITF payable - Hauwa Adeyemi,
100010434,,,10001,41,CREDIT,936219.58,PAYE payable - Ifeanyi Eze,
100010435,,,10001,42,CREDIT,386080.00,Employee pension payable - Ifeanyi Eze,
100010436,,,10001,35,CREDIT,4391660.00,Net salary payment - Ifeanyi Eze,
100010437,,,10001,36,DEBIT,5713959.58,Gross salary expense - Ifeanyi Eze,
100010438,,,10001,38,DEBIT,482600.00,Employer pension expense - Ifeanyi Eze,
100010439,,,10001,42,CREDIT,482600.00,Employer pension payable - Ifeanyi Eze,
100010440,,,10001,29,DEBIT,4021.67,NSITF expense - Ifeanyi Eze,
100010441,,,10001,7,CREDIT,4021.67,NSITF payable - Ifeanyi Eze,
100010442,,,10001,19,CREDIT,42500.00,IOU recovery - Jumoke Balogun,
100010443,,,10001,41,CREDIT,946780.42,PAYE payable - Jumoke Balogun,
100010444,,,10001,42,CREDIT,394040.00,Employee pension payable - Jumoke Balogun,
100010445,,,10001,44,CREDIT,49255.00,NHF payable - Jumoke Balogun,
100010446,,,10001,35,CREDIT,4432950.00,Net salary payment - Jumoke Balogun,
100010447,,,10001,36,DEBIT,5865525.42,Gross salary expense - Jumoke Balogun,
100010448,,,10001,38,DEBIT,492550.00,Employer pension expense - Jumoke Balogun,
100010449,,,10001,42,CREDIT,492550.00,Employer pension payable - Jumoke Balogun,
100010450,,,10001,29,DEBIT,4104.58,NSITF expense - Jumoke Balogun,
100010451,,,10001,7,CREDIT,4104.58,NSITF payable - Jumoke Balogun,
100010452,,,10001,41,CREDIT,966265.63,PAYE payable - Kelechi Ibrahim,
100010453,,,10001,42,CREDIT,402000.00,Employee pension payable - Kelechi Ibrahim,
100010454,,,10001,43,CREDIT,62812.50,Employee health payable - Kelechi Ibrahim,
100010455,,,10001,35,CREDIT,4572750.00,Net salary payment - Kelechi Ibrahim,
100010456,,,10001,36,DEBIT,6003828.13,Gross salary expense - Kelechi Ibrahim,
100010457,,,10001,38,DEBIT,502500.00,Employer pension expense - Kelechi Ibrahim,
100010458,,,10001,42,CREDIT,502500.00,Employer pension payable - Kelechi Ibrahim,
100010459,,,10001,29,DEBIT,4187.50,NSITF expense - Kelechi Ibrahim,
100010460,,,10001,7,CREDIT,4187.50,NSITF payable - Kelechi Ibrahim,
100010461,,,10001,41,CREDIT,992032.08,PAYE payable - Ladi Okoro,
100010462,,,10001,42,CREDIT,409960.00,Employee pension payable - Ladi Okoro,
100010463,,,10001,44,CREDIT,51245.00,NHF payable - Ladi Okoro,
100010464,,,10001,35,CREDIT,4612050.00,Net salary payment - Ladi Okoro,
100010465,,,10001,36,DEBIT,6065287.08,Gross salary expense - Ladi Okoro,
100010466,,,10001,38,DEBIT,512450.00,Employer pension expense - Ladi Okoro,
100010467,,,10001,42,CREDIT,512450.00,Employer pension payable - Ladi Okoro,
100010468,,,10001,29,DEBIT,4270.42,NSITF expense - Ladi Okoro,
100010469,,,10001,7,CREDIT,4270.42,NSITF payable - Ladi Okoro,
100010470,,,10001,41,CREDIT,1027717.92,PAYE payable - Musa Nnamdi,
100010471,,,10001,42,CREDIT,417920.00,Employee pension payable - Musa Nnamdi,
100010472,,,10001,35,CREDIT,4753840.00,Net salary payment - Musa Nnamdi,
100010473,,,10001,36,DEBIT,6199477.92,Gross salary expense - Musa Nnamdi,
100010474,,,10001,38,DEBIT,522400.00,Employer pension expense - Musa Nnamdi,
100010475,,,10001,42,CREDIT,522400.00,Employer pension payable - Musa Nnamdi,
100010476,,,10001,29,DEBIT,4353.33,NSITF expense - Musa Nnamdi,
100010477,,,10001,7,CREDIT,4353.33,NSITF payable - Musa Nnamdi,
100010478,,,10001,41,CREDIT,1020647.81,PAYE payable - Ngozi Udo,
100010479,,,10001,42,CREDIT,425880.00,Employee pension payable - Ngozi Udo,
100010480,,,10001,44,CREDIT,53235.00,NHF payable - Ngozi Udo,
100010481,,,10001,43,CREDIT,66543.75,Employee health payable - Ngozi Udo,
100010482,,,10001,35,CREDIT,4791150.00,Net salary payment - Ngozi Udo,
100010483,,,10001,36,DEBIT,6357456.56,Gross salary expense - Ngozi Udo,
100010484,,,10001,38,DEBIT,532350.00,Employer pension expense - Ngozi Udo,
100010485,,,10001,42,CREDIT,532350.00,Employer pension payable - Ngozi Udo,
100010486,,,10001,29,DEBIT,4436.25,NSITF expense - Ngozi Udo,
100010487,,,10001,7,CREDIT,4436.25,NSITF payable - Ngozi Udo,
100010488,,,10001,41,CREDIT,1073467.08,PAYE payable - Obinna Yakubu,
100010489,,,10001,42,CREDIT,433840.00,Employee pension payable - Obinna Yakubu,
100010490,,,10001,35,CREDIT,4934930.00,Net salary payment - Obinna Yakubu,
100010491,,,10001,36,DEBIT,6442237.08,Gross salary expense - Obinna Yakubu,
100010492,,,10001,38,DEBIT,542300.00,Employer pension expense - Obinna Yakubu,
100010493,,,10001,42,CREDIT,542300.00,Employer pension payable - Obinna Yakubu,
100010494,,,10001,29,DEBIT,4519.17,NSITF expense - Obinna Yakubu,
100010495,,,10001,7,CREDIT,4519.17,NSITF payable - Obinna Yakubu,
100010496,,,10001,41,CREDIT,1082535.42,PAYE payable - Patience Lawal,
100010497,,,10001,42,CREDIT,441800.00,Employee pension payable - Patience Lawal,
100010498,,,10001,44,CREDIT,55225.00,NHF payable - Patience Lawal,
100010499,,,10001,35,CREDIT,4970250.00,Net salary payment - Patience Lawal,
100010500,,,10001,36,DEBIT,6549810.42,Gross salary expense - Patience Lawal,
100010501,,,10001,38,DEBIT,552250.00,Employer pension expense - Patience Lawal,
100010502,,,10001,42,CREDIT,552250.00,Employer pension payable - Patience Lawal,
100010503,,,10001,29,DEBIT,4602.08,NSITF expense - Patience Lawal,
100010504,,,10001,7,CREDIT,4602.08,NSITF payable - Patience Lawal,
100010505,,,10001,41,CREDIT,1101647.50,PAYE payable - Queen Ekanem,
100010506,,,10001,42,CREDIT,449760.00,Employee pension payable - Queen Ekanem,
100010507,,,10001,43,CREDIT,70275.00,Employee health payable - Queen Ekanem,
100010508,,,10001,35,CREDIT,5116020.00,Net salary payment - Queen Ekanem,
100010509,,,10001,36,DEBIT,6737702.50,Gross salary expense - Queen Ekanem,
100010510,,,10001,38,DEBIT,562200.00,Employer pension expense - Queen Ekanem,
100010511,,,10001,42,CREDIT,562200.00,Employer pension payable - Queen Ekanem,
100010512,,,10001,29,DEBIT,4685.00,NSITF expense - Queen Ekanem,
100010513,,,10001,7,CREDIT,4685.00,NSITF payable - Queen Ekanem,
100010514,,,10001,41,CREDIT,1127787.08,PAYE payable - Rotimi Ogunleye,
100010515,,,10001,42,CREDIT,457720.00,Employee pension payable - Rotimi Ogunleye,
100010516,,,10001,44,CREDIT,57215.00,NHF payable - Rotimi Ogunleye,
100010517,,,10001,35,CREDIT,5149350.00,Net salary payment - Rotimi Ogunleye,
100010518,,,10001,36,DEBIT,6792072.08,Gross salary expense - Rotimi Ogunleye,
100010519,,,10001,38,DEBIT,572150.00,Employer pension expense - Rotimi Ogunleye,
100010520,,,10001,42,CREDIT,572150.00,Employer pension payable - Rotimi Ogunleye,
100010521,,,10001,29,DEBIT,4767.92,NSITF expense - Rotimi Ogunleye,
100010522,,,10001,7,CREDIT,4767.92,NSITF payable - Rotimi Ogunleye,
100010523,,,10001,41,CREDIT,1164965.42,PAYE payable - Sade Usman,
100010524,,,10001,42,CREDIT,465680.00,Employee pension payable - Sade Usman,
100010525,,,10001,35,CREDIT,5297110.00,Net salary payment - Sade Usman,
100010526,,,10001,36,DEBIT,6927755.42,Gross salary expense - Sade Usman,
100010527,,,10001,38,DEBIT,582100.00,Employer pension expense - Sade Usman,
100010528,,,10001,42,CREDIT,582100.00,Employer pension payable - Sade Usman,
100010529,,,10001,29,DEBIT,4850.83,NSITF expense - Sade Usman,
100010530,,,10001,7,CREDIT,4850.83,NSITF payable - Sade Usman,
100010531,,,10001,19,CREDIT,45000.00,IOU recovery - Tunde Etim,
100010532,,,10001,41,CREDIT,1154537.19,PAYE payable - Tunde Etim,
100010533,,,10001,42,CREDIT,473640.00,Employee pension payable - Tunde Etim,
100010534,,,10001,44,CREDIT,59205.00,NHF payable - Tunde Etim,
100010535,,,10001,43,CREDIT,74006.25,Employee health payable - Tunde Etim,
100010536,,,10001,35,CREDIT,5328450.00,Net salary payment - Tunde Etim,
100010537,,,10001,36,DEBIT,7134838.44,Gross salary expense - Tunde Etim,
100010538,,,10001,38,DEBIT,592050.00,Employer pension expense - Tunde Etim,
100010539,,,10001,42,CREDIT,592050.00,Employer pension payable - Tunde Etim,
100010540,,,10001,29,DEBIT,4933.75,NSITF expense - Tunde Etim,
100010541,,,10001,7,CREDIT,4933.75,NSITF payable - Tunde Etim,
100010542,,,10001,41,CREDIT,1210714.58,PAYE payable - Amina Adebayo,
100010543,,,10001,42,CREDIT,481600.00,Employee pension payable - Amina Adebayo,
100010544,,,10001,35,CREDIT,5478200.00,Net salary payment - Amina Adebayo,
100010545,,,10001,36,DEBIT,7170514.58,Gross salary expense - Amina Adebayo,
100010546,,,10001,38,DEBIT,602000.00,Employer pension expense - Amina Adebayo,
100010547,,,10001,42,CREDIT,602000.00,Employer pension payable - Amina Adebayo,
100010548,,,10001,29,DEBIT,5016.67,NSITF expense - Amina Adebayo,
100010549,,,10001,7,CREDIT,5016.67,NSITF payable - Amina Adebayo,
100010550,,,10001,41,CREDIT,1218290.42,PAYE payable - Bassey Akpan,
100010551,,,10001,42,CREDIT,489560.00,Employee pension payable - Bassey Akpan,
100010552,,,10001,44,CREDIT,61195.00,NHF payable - Bassey Akpan,
100010553,,,10001,35,CREDIT,5507550.00,Net salary payment - Bassey Akpan,
100010554,,,10001,36,DEBIT,7276595.42,Gross salary expense - Bassey Akpan,
100010555,,,10001,38,DEBIT,611950.00,Employer pension expense - Bassey Akpan,
100010556,,,10001,42,CREDIT,611950.00,Employer pension payable - Bassey Akpan,
100010557,,,10001,29,DEBIT,5099.58,NSITF expense - Bassey Akpan,
100010558,,,10001,7,CREDIT,5099.58,NSITF payable - Bassey Akpan,
100010559,,,10001,41,CREDIT,1237029.38,PAYE payable - Chinedu Olaoye,
100010560,,,10001,42,CREDIT,497520.00,Employee pension payable - Chinedu Olaoye,
100010561,,,10001,43,CREDIT,77737.50,Employee health payable - Chinedu Olaoye,
100010562,,,10001,35,CREDIT,5659290.00,Net salary payment - Chinedu Olaoye,
100010563,,,10001,36,DEBIT,7471576.88,Gross salary expense - Chinedu Olaoye,
100010564,,,10001,38,DEBIT,621900.00,Employer pension expense - Chinedu Olaoye,
100010565,,,10001,42,CREDIT,621900.00,Employer pension payable - Chinedu Olaoye,
100010566,,,10001,29,DEBIT,5182.50,NSITF expense - Chinedu Olaoye,
100010567,,,10001,7,CREDIT,5182.50,NSITF payable - Chinedu Olaoye,
100010568,,,10001,41,CREDIT,1263542.08,PAYE payable - Damilola Nwankwo,
100010569,,,10001,42,CREDIT,505480.00,Employee pension payable - Damilola Nwankwo,
100010570,,,10001,44,CREDIT,63185.00,NHF payable - Damilola Nwankwo,
100010571,,,10001,35,CREDIT,5686650.00,Net salary payment - Damilola Nwankwo,
100010572,,,10001,36,DEBIT,7518857.08,Gross salary expense - Damilola Nwankwo,
100010573,,,10001,38,DEBIT,631850.00,Employer pension expense - Damilola Nwankwo,
100010574,,,10001,42,CREDIT,631850.00,Employer pension payable - Damilola Nwankwo,
100010575,,,10001,29,DEBIT,5265.42,NSITF expense - Damilola Nwankwo,
100010576,,,10001,7,CREDIT,5265.42,NSITF payable - Damilola Nwankwo,
100010577,,,10001,41,CREDIT,1302212.92,PAYE payable - Efe Bello,
100010578,,,10001,42,CREDIT,513440.00,Employee pension payable - Efe Bello,
100010579,,,10001,35,CREDIT,5840380.00,Net salary payment - Efe Bello,
100010580,,,10001,36,DEBIT,7656032.92,Gross salary expense - Efe Bello,
100010581,,,10001,38,DEBIT,641800.00,Employer pension expense - Efe Bello,
100010582,,,10001,42,CREDIT,641800.00,Employer pension payable - Efe Bello,
100010583,,,10001,29,DEBIT,5348.33,NSITF expense - Efe Bello,
100010584,,,10001,7,CREDIT,5348.33,NSITF payable - Efe Bello,
100010585,,,10001,41,CREDIT,1288426.56,PAYE payable - Femi Okafor,
100010586,,,10001,42,CREDIT,521400.00,Employee pension payable - Femi Okafor,
100010587,,,10001,44,CREDIT,65175.00,NHF payable - Femi Okafor,
100010588,,,10001,43,CREDIT,81468.75,Employee health payable - Femi Okafor,
100010589,,,10001,35,CREDIT,5865750.00,Net salary payment - Femi Okafor,
100010590,,,10001,36,DEBIT,7822220.31,Gross salary expense - Femi Okafor,
100010591,,,10001,38,DEBIT,651750.00,Employer pension expense - Femi Okafor,
100010592,,,10001,42,CREDIT,651750.00,Employer pension payable - Femi Okafor,
100010593,,,10001,29,DEBIT,5431.25,NSITF expense - Femi Okafor,
100010594,,,10001,7,CREDIT,5431.25,NSITF payable - Femi Okafor,
100010595,,,10001,41,CREDIT,1347962.08,PAYE payable - Grace Adeyemi,
100010596,,,10001,42,CREDIT,529360.00,Employee pension payable - Grace Adeyemi,
100010597,,,10001,35,CREDIT,6021470.00,Net salary payment - Grace Adeyemi,
100010598,,,10001,36,DEBIT,7898792.08,Gross salary expense - Grace Adeyemi,
100010599,,,10001,38,DEBIT,661700.00,Employer pension expense - Grace Adeyemi,
100010600,,,10001,42,CREDIT,661700.00,Employer pension payable - Grace Adeyemi,
100010601,,,10001,29,DEBIT,5514.17,NSITF expense - Grace Adeyemi,
100010602,,,10001,7,CREDIT,5514.17,NSITF payable - Grace Adeyemi,
100010603,,,10001,41,CREDIT,1354045.42,PAYE payable - Hauwa Eze,
100010604,,,10001,42,CREDIT,537320.00,Employee pension payable - Hauwa Eze,
100010605,,,10001,44,CREDIT,67165.00,NHF payable - Hauwa Eze,
100010606,,,10001,35,CREDIT,6044850.00,Net salary payment - Hauwa Eze,
100010607,,,10001,36,DEBIT,8003380.42,Gross salary expense - Hauwa Eze,
100010608,,,10001,38,DEBIT,671650.00,Employer pension expense - Hauwa Eze,
100010609,,,10001,42,CREDIT,671650.00,Employer pension payable - Hauwa Eze,
100010610,,,10001,29,DEBIT,5597.08,NSITF expense - Hauwa Eze,
100010611,,,10001,7,CREDIT,5597.08,NSITF payable - Hauwa Eze,
100010612,,,10001,41,CREDIT,1372411.25,PAYE payable - Ifeanyi Balogun,
100010613,,,10001,42,CREDIT,545280.00,Employee pension payable - Ifeanyi Balogun,
100010614,,,10001,43,CREDIT,85200.00,Employee health payable - Ifeanyi Balogun,
100010615,,,10001,35,CREDIT,6202560.00,Net salary payment - Ifeanyi Balogun,
100010616,,,10001,36,DEBIT,8205451.25,Gross salary expense - Ifeanyi Balogun,
100010617,,,10001,38,DEBIT,681600.00,Employer pension expense - Ifeanyi Balogun,
100010618,,,10001,42,CREDIT,681600.00,Employer pension payable - Ifeanyi Balogun,
100010619,,,10001,29,DEBIT,5680.00,NSITF expense - Ifeanyi Balogun,
100010620,,,10001,7,CREDIT,5680.00,NSITF payable - Ifeanyi Balogun,
100010621,,,10001,19,CREDIT,47500.00,IOU recovery - Jumoke Ibrahim,
100010622,,,10001,41,CREDIT,1399297.08,PAYE payable - Jumoke Ibrahim,
100010623,,,10001,42,CREDIT,553240.00,Employee pension payable - Jumoke Ibrahim,
100010624,,,10001,44,CREDIT,69155.00,NHF payable - Jumoke Ibrahim,
100010625,,,10001,35,CREDIT,6223950.00,Net salary payment - Jumoke Ibrahim,
100010626,,,10001,36,DEBIT,8293142.08,Gross salary expense - Jumoke Ibrahim,
100010627,,,10001,38,DEBIT,691550.00,Employer pension expense - Jumoke Ibrahim,
100010628,,,10001,42,CREDIT,691550.00,Employer pension payable - Jumoke Ibrahim,
100010629,,,10001,29,DEBIT,5762.92,NSITF expense - Jumoke Ibrahim,
100010630,,,10001,7,CREDIT,5762.92,NSITF payable - Jumoke Ibrahim,
100010631,,,10001,41,CREDIT,1439460.42,PAYE payable - Kelechi Okoro,
100010632,,,10001,42,CREDIT,561200.00,Employee pension payable - Kelechi Okoro,
100010633,,,10001,35,CREDIT,6383650.00,Net salary payment - Kelechi Okoro,
100010634,,,10001,36,DEBIT,8384310.42,Gross salary expense - Kelechi Okoro,
100010635,,,10001,38,DEBIT,701500.00,Employer pension expense - Kelechi Okoro,
100010636,,,10001,42,CREDIT,701500.00,Employer pension payable - Kelechi Okoro,
100010637,,,10001,29,DEBIT,5845.83,NSITF expense - Kelechi Okoro,
100010638,,,10001,7,CREDIT,5845.83,NSITF payable - Kelechi Okoro,
100010639,,,10001,41,CREDIT,1422315.94,PAYE payable - Ladi Nnamdi,
100010640,,,10001,42,CREDIT,569160.00,Employee pension payable - Ladi Nnamdi,
100010641,,,10001,44,CREDIT,71145.00,NHF payable - Ladi Nnamdi,
100010642,,,10001,43,CREDIT,88931.25,Employee health payable - Ladi Nnamdi,
100010643,,,10001,35,CREDIT,6403050.00,Net salary payment - Ladi Nnamdi,
100010644,,,10001,36,DEBIT,8554602.19,Gross salary expense - Ladi Nnamdi,
100010645,,,10001,38,DEBIT,711450.00,Employer pension expense - Ladi Nnamdi,
100010646,,,10001,42,CREDIT,711450.00,Employer pension payable - Ladi Nnamdi,
100010647,,,10001,29,DEBIT,5928.75,NSITF expense - Ladi Nnamdi,
100010648,,,10001,7,CREDIT,5928.75,NSITF payable - Ladi Nnamdi,
100010649,,,10001,41,CREDIT,1485209.58,PAYE payable - Musa Udo,
100010650,,,10001,42,CREDIT,577120.00,Employee pension payable - Musa Udo,
100010651,,,10001,35,CREDIT,6564740.00,Net salary payment - Musa Udo,
100010652,,,10001,36,DEBIT,8627069.58,Gross salary expense - Musa Udo,
100010653,,,10001,38,DEBIT,721400.00,Employer pension expense - Musa Udo,
100010654,,,10001,42,CREDIT,721400.00,Employer pension payable - Musa Udo,
100010655,,,10001,29,DEBIT,6011.67,NSITF expense - Musa Udo,
100010656,,,10001,7,CREDIT,6011.67,NSITF payable - Musa Udo,
100010657,,,10001,41,CREDIT,1489800.42,PAYE payable - Ngozi Yakubu,
100010658,,,10001,42,CREDIT,585080.00,Employee pension payable - Ngozi Yakubu,
100010659,,,10001,44,CREDIT,73135.00,NHF payable - Ngozi Yakubu,
100010660,,,10001,35,CREDIT,6582150.00,Net salary payment - Ngozi Yakubu,
100010661,,,10001,36,DEBIT,8730165.42,Gross salary expense - Ngozi Yakubu,
100010662,,,10001,38,DEBIT,731350.00,Employer pension expense - Ngozi Yakubu,
100010663,,,10001,42,CREDIT,731350.00,Employer pension payable - Ngozi Yakubu,
100010664,,,10001,29,DEBIT,6094.58,NSITF expense - Ngozi Yakubu,
100010665,,,10001,7,CREDIT,6094.58,NSITF payable - Ngozi Yakubu,
100010666,,,10001,41,CREDIT,1507793.13,PAYE payable - Obinna Lawal,
100010667,,,10001,42,CREDIT,593040.00,Employee pension payable - Obinna Lawal,
100010668,,,10001,43,CREDIT,92662.50,Employee health payable - Obinna Lawal,
100010669,,,10001,35,CREDIT,6745830.00,Net salary payment - Obinna Lawal,
100010670,,,10001,36,DEBIT,8939325.63,Gross salary expense - Obinna Lawal,
100010671,,,10001,38,DEBIT,741300.00,Employer pension expense - Obinna Lawal,
100010672,,,10001,42,CREDIT,741300.00,Employer pension payable - Obinna Lawal,
100010673,,,10001,29,DEBIT,6177.50,NSITF expense - Obinna Lawal,
100010674,,,10001,7,CREDIT,6177.50,NSITF payable - Obinna Lawal,
100010675,,,10001,41,CREDIT,1535052.08,PAYE payable - Patience Ekanem,
100010676,,,10001,42,CREDIT,601000.00,Employee pension payable - Patience Ekanem,
100010677,,,10001,44,CREDIT,75125.00,NHF payable - Patience Ekanem,
100010678,,,10001,35,CREDIT,6761250.00,Net salary payment - Patience Ekanem,
100010679,,,10001,36,DEBIT,8972427.08,Gross salary expense - Patience Ekanem,
100010680,,,10001,38,DEBIT,751250.00,Employer pension expense - Patience Ekanem,
100010681,,,10001,42,CREDIT,751250.00,Employer pension payable - Patience Ekanem,
100010682,,,10001,29,DEBIT,6260.42,NSITF expense - Patience Ekanem,
100010683,,,10001,7,CREDIT,6260.42,NSITF payable - Patience Ekanem,
100010684,,,10001,41,CREDIT,1576707.92,PAYE payable - Queen Ogunleye,
100010685,,,10001,42,CREDIT,608960.00,Employee pension payable - Queen Ogunleye,
100010686,,,10001,35,CREDIT,6926920.00,Net salary payment - Queen Ogunleye,
100010687,,,10001,36,DEBIT,9112587.92,Gross salary expense - Queen Ogunleye,
100010688,,,10001,38,DEBIT,761200.00,Employer pension expense - Queen Ogunleye,
100010689,,,10001,42,CREDIT,761200.00,Employer pension payable - Queen Ogunleye,
100010690,,,10001,29,DEBIT,6343.33,NSITF expense - Queen Ogunleye,
100010691,,,10001,7,CREDIT,6343.33,NSITF payable - Queen Ogunleye,
100010692,,,10001,41,CREDIT,1556205.31,PAYE payable - Rotimi Usman,
100010693,,,10001,42,CREDIT,616920.00,Employee pension payable - Rotimi Usman,
100010694,,,10001,44,CREDIT,77115.00,NHF payable - Rotimi Usman,
100010695,,,10001,43,CREDIT,96393.75,Employee health payable - Rotimi Usman,
100010696,,,10001,35,CREDIT,6940350.00,Net salary payment - Rotimi Usman,
100010697,,,10001,36,DEBIT,9286984.06,Gross salary expense - Rotimi Usman,
100010698,,,10001,38,DEBIT,771150.00,Employer pension expense - Rotimi Usman,
100010699,,,10001,42,CREDIT,771150.00,Employer pension payable - Rotimi Usman,
100010700,,,10001,29,DEBIT,6426.25,NSITF expense - Rotimi Usman,
100010701,,,10001,7,CREDIT,6426.25,NSITF payable - Rotimi Usman,
100010702,,,10001,41,CREDIT,1622457.08,PAYE payable - Sade Etim,
100010703,,,10001,42,CREDIT,624880.00,Employee pension payable - Sade Etim,
100010704,,,10001,35,CREDIT,7108010.00,Net salary payment - Sade Etim,
100010705,,,10001,36,DEBIT,9355347.08,Gross salary expense - Sade Etim,
100010706,,,10001,38,DEBIT,781100.00,Employer pension expense - Sade Etim,
100010707,,,10001,42,CREDIT,781100.00,Employer pension payable - Sade Etim,
100010708,,,10001,29,DEBIT,6509.17,NSITF expense - Sade Etim,
100010709,,,10001,7,CREDIT,6509.17,NSITF payable - Sade Etim,
100010710,,,10001,19,CREDIT,50000.00,IOU recovery - Tunde Okoye,
100010711,,,10001,41,CREDIT,1625555.42,PAYE payable - Tunde Okoye,
100010712,,,10001,42,CREDIT,632840.00,Employee pension payable - Tunde Okoye,
100010713,,,10001,44,CREDIT,79105.00,NHF payable - Tunde Okoye,
100010714,,,10001,35,CREDIT,7119450.00,Net salary payment - Tunde Okoye,
100010715,,,10001,36,DEBIT,9506950.42,Gross salary expense - Tunde Okoye,
100010716,,,10001,38,DEBIT,791050.00,Employer pension expense - Tunde Okoye,
100010717,,,10001,42,CREDIT,791050.00,Employer pension payable - Tunde Okoye,
100010718,,,10001,29,DEBIT,6592.08,NSITF expense - Tunde Okoye,
100010719,,,10001,7,CREDIT,6592.08,NSITF payable - Tunde Okoye,
100010720,,,10001,41,CREDIT,1643175.00,PAYE payable - Amina Akpan,
100010721,,,10001,42,CREDIT,640800.00,Employee pension payable - Amina Akpan,
100010722,,,10001,43,CREDIT,100125.00,Employee health payable - Amina Akpan,
100010723,,,10001,35,CREDIT,7289100.00,Net salary payment - Amina Akpan,
100010724,,,10001,36,DEBIT,9673200.00,Gross salary expense - Amina Akpan,
100010725,,,10001,38,DEBIT,801000.00,Employer pension expense - Amina Akpan,
100010726,,,10001,42,CREDIT,801000.00,Employer pension payable - Amina Akpan,
100010727,,,10001,29,DEBIT,6675.00,NSITF expense - Amina Akpan,
100010728,,,10001,7,CREDIT,6675.00,NSITF payable - Amina Akpan,
100010729,,,10001,41,CREDIT,1670807.08,PAYE payable - Bassey Olaoye,
100010730,,,10001,42,CREDIT,648760.00,Employee pension payable - Bassey Olaoye,
100010731,,,10001,44,CREDIT,81095.00,NHF payable - Bassey Olaoye,
100010732,,,10001,35,CREDIT,7298550.00,Net salary payment - Bassey Olaoye,
100010733,,,10001,36,DEBIT,9699212.08,Gross salary expense - Bassey Olaoye,
100010734,,,10001,38,DEBIT,810950.00,Employer pension expense - Bassey Olaoye,
100010735,,,10001,42,CREDIT,810950.00,Employer pension payable - Bassey Olaoye,
100010736,,,10001,29,DEBIT,6757.92,NSITF expense - Bassey Olaoye,
100010737,,,10001,7,CREDIT,6757.92,NSITF payable - Bassey Olaoye,
100010738,,,10001,41,CREDIT,1713955.42,PAYE payable - Chinedu Nwankwo,
100010739,,,10001,42,CREDIT,656720.00,Employee pension payable - Chinedu Nwankwo,
100010740,,,10001,35,CREDIT,7470190.00,Net salary payment - Chinedu Nwankwo,
100010741,,,10001,36,DEBIT,9840865.42,Gross salary expense - Chinedu Nwankwo,
100010742,,,10001,38,DEBIT,820900.00,Employer pension expense - Chinedu Nwankwo,
100010743,,,10001,42,CREDIT,820900.00,Employer pension payable - Chinedu Nwankwo,
100010744,,,10001,29,DEBIT,6840.83,NSITF expense - Chinedu Nwankwo,
100010745,,,10001,7,CREDIT,6840.83,NSITF payable - Chinedu Nwankwo,
100010746,,,10001,41,CREDIT,1690094.69,PAYE payable - Damilola Bello,
100010747,,,10001,42,CREDIT,664680.00,Employee pension payable - Damilola Bello,
100010748,,,10001,44,CREDIT,83085.00,NHF payable - Damilola Bello,
100010749,,,10001,43,CREDIT,103856.25,Employee health payable - Damilola Bello,
100010750,,,10001,35,CREDIT,7477650.00,Net salary payment - Damilola Bello,
100010751,,,10001,36,DEBIT,10019365.94,Gross salary expense - Damilola Bello,
100010752,,,10001,38,DEBIT,830850.00,Employer pension expense - Damilola Bello,
100010753,,,10001,42,CREDIT,830850.00,Employer pension payable - Damilola Bello,
100010754,,,10001,29,DEBIT,6923.75,NSITF expense - Damilola Bello,
100010755,,,10001,7,CREDIT,6923.75,NSITF payable - Damilola Bello,
100010756,,,10001,41,CREDIT,1759704.58,PAYE payable - Efe Okafor,
100010757,,,10001,42,CREDIT,672640.00,Employee pension payable - Efe Okafor,
100010758,,,10001,35,CREDIT,7651280.00,Net salary payment - Efe Okafor,
100010759,,,10001,36,DEBIT,10083624.58,Gross salary expense - Efe Okafor,
100010760,,,10001,38,DEBIT,840800.00,Employer pension expense - Efe Okafor,
100010761,,,10001,42,CREDIT,840800.00,Employer pension payable - Efe Okafor,
100010762,,,10001,29,DEBIT,7006.67,NSITF expense - Efe Okafor,
100010763,,,10001,7,CREDIT,7006.67,NSITF payable - Efe Okafor,
100010764,,,10001,41,CREDIT,1761310.42,PAYE payable - Femi Adeyemi,
100010765,,,10001,42,CREDIT,680600.00,Employee pension payable - Femi Adeyemi,
100010766,,,10001,44,CREDIT,85075.00,NHF payable - Femi Adeyemi,
100010767,,,10001,35,CREDIT,7656750.00,Net salary payment - Femi Adeyemi,
100010768,,,10001,36,DEBIT,10183735.42,Gross salary expense - Femi Adeyemi,
100010769,,,10001,38,DEBIT,850750.00,Employer pension expense - Femi Adeyemi,
100010770,,,10001,42,CREDIT,850750.00,Employer pension payable - Femi Adeyemi,
100010771,,,10001,29,DEBIT,7089.58,NSITF expense - Femi Adeyemi,
100010772,,,10001,7,CREDIT,7089.58,NSITF payable - Femi Adeyemi,
100010773,,,10001,41,CREDIT,1778556.88,PAYE payable - Grace Eze,
100010774,,,10001,42,CREDIT,688560.00,Employee pension payable - Grace Eze,
100010775,,,10001,43,CREDIT,107587.50,Employee health payable - Grace Eze,
100010776,,,10001,35,CREDIT,7832370.00,Net salary payment - Grace Eze,
100010777,,,10001,36,DEBIT,10407074.38,Gross salary expense - Grace Eze,
100010778,,,10001,38,DEBIT,860700.00,Employer pension expense - Grace Eze,
100010779,,,10001,42,CREDIT,860700.00,Employer pension payable - Grace Eze,
100010780,,,10001,29,DEBIT,7172.50,NSITF expense - Grace Eze,
100010781,,,10001,7,CREDIT,7172.50,NSITF payable - Grace Eze,
100010782,,,10001,41,CREDIT,1806562.08,PAYE payable - Hauwa Balogun,
100010783,,,10001,42,CREDIT,696520.00,Employee pension payable - Hauwa Balogun,
100010784,,,10001,44,CREDIT,87065.00,NHF payable - Hauwa Balogun,
100010785,,,10001,35,CREDIT,7835850.00,Net salary payment - Hauwa Balogun,
100010786,,,10001,36,DEBIT,10425997.08,Gross salary expense - Hauwa Balogun,
100010787,,,10001,38,DEBIT,870650.00,Employer pension expense - Hauwa Balogun,
100010788,,,10001,42,CREDIT,870650.00,Employer pension payable - Hauwa Balogun,
100010789,,,10001,29,DEBIT,7255.42,NSITF expense - Hauwa Balogun,
100010790,,,10001,7,CREDIT,7255.42,NSITF payable - Hauwa Balogun,
100010791,,,10001,41,CREDIT,1851202.92,PAYE payable - Ifeanyi Ibrahim,
100010792,,,10001,42,CREDIT,704480.00,Employee pension payable - Ifeanyi Ibrahim,
100010793,,,10001,35,CREDIT,8013460.00,Net salary payment - Ifeanyi Ibrahim,
100010794,,,10001,36,DEBIT,10569142.92,Gross salary expense - Ifeanyi Ibrahim,
100010795,,,10001,38,DEBIT,880600.00,Employer pension expense - Ifeanyi Ibrahim,
100010796,,,10001,42,CREDIT,880600.00,Employer pension payable - Ifeanyi Ibrahim,
100010797,,,10001,29,DEBIT,7338.33,NSITF expense - Ifeanyi Ibrahim,
100010798,,,10001,7,CREDIT,7338.33,NSITF payable - Ifeanyi Ibrahim,
100010799,,,10001,19,CREDIT,52500.00,IOU recovery - Jumoke Okoro,
100010800,,,10001,41,CREDIT,1823984.06,PAYE payable - Jumoke Okoro,
100010801,,,10001,42,CREDIT,712440.00,Employee pension payable - Jumoke Okoro,
100010802,,,10001,44,CREDIT,89055.00,NHF payable - Jumoke Okoro,
100010803,,,10001,43,CREDIT,111318.75,Employee health payable - Jumoke Okoro,
100010804,,,10001,35,CREDIT,8014950.00,Net salary payment - Jumoke Okoro,
100010805,,,10001,36,DEBIT,10804247.81,Gross salary expense - Jumoke Okoro,
100010806,,,10001,38,DEBIT,890550.00,Employer pension expense - Jumoke Okoro,
100010807,,,10001,42,CREDIT,890550.00,Employer pension payable - Jumoke Okoro,
100010808,,,10001,29,DEBIT,7421.25,NSITF expense - Jumoke Okoro,
100010809,,,10001,7,CREDIT,7421.25,NSITF payable - Jumoke Okoro,
100010810,,,10001,41,CREDIT,1896952.08,PAYE payable - Kelechi Nnamdi,
100010811,,,10001,42,CREDIT,720400.00,Employee pension payable - Kelechi Nnamdi,
100010812,,,10001,35,CREDIT,8194550.00,Net salary payment - Kelechi Nnamdi,
100010813,,,10001,36,DEBIT,10811902.08,Gross salary expense - Kelechi Nnamdi,
100010814,,,10001,38,DEBIT,900500.00,Employer pension expense - Kelechi Nnamdi,
100010815,,,10001,42,CREDIT,900500.00,Employer pension payable - Kelechi Nnamdi,
100010816,,,10001,29,DEBIT,7504.17,NSITF expense - Kelechi Nnamdi,
100010817,,,10001,7,CREDIT,7504.17,NSITF payable - Kelechi Nnamdi,
100010818,,,10001,41,CREDIT,1897065.42,PAYE payable - Ladi Udo,
100010819,,,10001,42,CREDIT,728360.00,Employee pension payable - Ladi Udo,
100010820,,,10001,44,CREDIT,91045.00,NHF payable - Ladi Udo,
100010821,,,10001,35,CREDIT,8194050.00,Net salary payment - Ladi Udo,
100010822,,,10001,36,DEBIT,10910520.42,Gross salary expense - Ladi Udo,
100010823,,,10001,38,DEBIT,910450.00,Employer pension expense - Ladi Udo,
100010824,,,10001,42,CREDIT,910450.00,Employer pension payable - Ladi Udo,
100010825,,,10001,29,DEBIT,7587.08,NSITF expense - Ladi Udo,
100010826,,,10001,7,CREDIT,7587.08,NSITF payable - Ladi Udo,
100010827,,,10001,41,CREDIT,1913938.75,PAYE payable - Musa Yakubu,
100010828,,,10001,42,CREDIT,736320.00,Employee pension payable - Musa Yakubu,
100010829,,,10001,43,CREDIT,115050.00,Employee health payable - Musa Yakubu,
100010830,,,10001,35,CREDIT,8375640.00,Net salary payment - Musa Yakubu,
100010831,,,10001,36,DEBIT,11140948.75,Gross salary expense - Musa Yakubu,
100010832,,,10001,38,DEBIT,920400.00,Employer pension expense - Musa Yakubu,
100010833,,,10001,42,CREDIT,920400.00,Employer pension payable - Musa Yakubu,
100010834,,,10001,29,DEBIT,7670.00,NSITF expense - Musa Yakubu,
100010835,,,10001,7,CREDIT,7670.00,NSITF payable - Musa Yakubu,
100010836,,,10001,41,CREDIT,1942317.08,PAYE payable - Ngozi Lawal,
100010837,,,10001,42,CREDIT,744280.00,Employee pension payable - Ngozi Lawal,
100010838,,,10001,44,CREDIT,93035.00,NHF payable - Ngozi Lawal,
100010839,,,10001,35,CREDIT,8373150.00,Net salary payment - Ngozi Lawal,
100010840,,,10001,36,DEBIT,11152782.08,Gross salary expense - Ngozi Lawal,
100010841,,,10001,38,DEBIT,930350.00,Employer pension expense - Ngozi Lawal,
100010842,,,10001,42,CREDIT,930350.00,Employer pension payable - Ngozi Lawal,
100010843,,,10001,29,DEBIT,7752.92,NSITF expense - Ngozi Lawal,
100010844,,,10001,7,CREDIT,7752.92,NSITF payable - Ngozi Lawal,
100010845,,,10001,41,CREDIT,1988450.42,PAYE payable - Obinna Ekanem,
100010846,,,10001,42,CREDIT,752240.00,Employee pension payable - Obinna Ekanem,
100010847,,,10001,35,CREDIT,8556730.00,Net salary payment - Obinna Ekanem,
100010848,,,10001,36,DEBIT,11297420.42,Gross salary expense - Obinna Ekanem,
100010849,,,10001,38,DEBIT,940300.00,Employer pension expense - Obinna Ekanem,
100010850,,,10001,42,CREDIT,940300.00,Employer pension payable - Obinna Ekanem,
100010851,,,10001,29,DEBIT,7835.83,NSITF expense - Obinna Ekanem,
100010852,,,10001,7,CREDIT,7835.83,NSITF payable - Obinna Ekanem,
100010853,,,10001,41,CREDIT,1957873.44,PAYE payable - Patience Ogunleye,
100010854,,,10001,42,CREDIT,760200.00,Employee pension payable - Patience Ogunleye,
100010855,,,10001,44,CREDIT,95025.00,NHF payable - Patience Ogunleye,
100010856,,,10001,43,CREDIT,118781.25,Employee health payable - Patience Ogunleye,
100010857,,,10001,35,CREDIT,8552250.00,Net salary payment - Patience Ogunleye,
100010858,,,10001,36,DEBIT,11484129.69,Gross salary expense - Patience Ogunleye,
100010859,,,10001,38,DEBIT,950250.00,Employer pension expense - Patience Ogunleye,
100010860,,,10001,42,CREDIT,950250.00,Employer pension payable - Patience Ogunleye,
100010861,,,10001,29,DEBIT,7918.75,NSITF expense - Patience Ogunleye,
100010862,,,10001,7,CREDIT,7918.75,NSITF payable - Patience Ogunleye,
100010863,,,10001,41,CREDIT,2034199.58,PAYE payable - Queen Usman,
100010864,,,10001,42,CREDIT,768160.00,Employee pension payable - Queen Usman,
100010865,,,10001,35,CREDIT,8737820.00,Net salary payment - Queen Usman,
100010866,,,10001,36,DEBIT,11540179.58,Gross salary expense - Queen Usman,
100010867,,,10001,38,DEBIT,960200.00,Employer pension expense - Queen Usman,
100010868,,,10001,42,CREDIT,960200.00,Employer pension payable - Queen Usman,
100010869,,,10001,29,DEBIT,8001.67,NSITF expense - Queen Usman,
100010870,,,10001,7,CREDIT,8001.67,NSITF payable - Queen Usman,
100010871,,,10001,41,CREDIT,2032820.42,PAYE payable - Rotimi Etim,
100010872,,,10001,42,CREDIT,776120.00,Employee pension payable - Rotimi Etim,
100010873,,,10001,44,CREDIT,97015.00,NHF payable - Rotimi Etim,
100010874,,,10001,35,CREDIT,8731350.00,Net salary payment - Rotimi Etim,
100010875,,,10001,36,DEBIT,11637305.42,Gross salary expense - Rotimi Etim,
100010876,,,10001,38,DEBIT,970150.00,Employer pension expense - Rotimi Etim,
100010877,,,10001,42,CREDIT,970150.00,Employer pension payable - Rotimi Etim,
100010878,,,10001,29,DEBIT,8084.58,NSITF expense - Rotimi Etim,
100010879,,,10001,7,CREDIT,8084.58,NSITF payable - Rotimi Etim,
100010880,,,10001,41,CREDIT,2049320.63,PAYE payable - Sade Okoye,
100010881,,,10001,42,CREDIT,784080.00,Employee pension payable - Sade Okoye,
100010882,,,10001,43,CREDIT,122512.50,Employee health payable - Sade Okoye,
100010883,,,10001,35,CREDIT,8918910.00,Net salary payment - Sade Okoye,
100010884,,,10001,36,DEBIT,11874823.13,Gross salary expense - Sade Okoye,
100010885,,,10001,38,DEBIT,980100.00,Employer pension expense - Sade Okoye,
100010886,,,10001,42,CREDIT,980100.00,Employer pension payable - Sade Okoye,
100010887,,,10001,29,DEBIT,8167.50,NSITF expense - Sade Okoye,
100010888,,,10001,7,CREDIT,8167.50,NSITF payable - Sade Okoye,
100010889,,,10001,19,CREDIT,55000.00,IOU recovery - Tunde Adebayo,
100010890,,,10001,41,CREDIT,2069447.08,PAYE payable - Tunde Adebayo,
100010891,,,10001,42,CREDIT,792040.00,Employee pension payable - Tunde Adebayo,
100010892,,,10001,44,CREDIT,99005.00,NHF payable - Tunde Adebayo,
100010893,,,10001,35,CREDIT,8910450.00,Net salary payment - Tunde Adebayo,
100010894,,,10001,36,DEBIT,11925942.08,Gross salary expense - Tunde Adebayo,
100010895,,,10001,38,DEBIT,990050.00,Employer pension expense - Tunde Adebayo,
100010896,,,10001,42,CREDIT,990050.00,Employer pension payable - Tunde Adebayo,
100010897,,,10001,29,DEBIT,8250.42,NSITF expense - Tunde Adebayo,
100010898,,,10001,7,CREDIT,8250.42,NSITF payable - Tunde Adebayo,
100010899,,,10002,42,CREDIT,4000.00,Employee pension payable - Amina Usman,
100010900,,,10002,35,CREDIT,45500.00,Net salary payment - Amina Usman,
100010901,,,10002,36,DEBIT,49500.00,Gross salary expense - Amina Usman,
100010902,,,10002,38,DEBIT,5000.00,Employer pension expense - Amina Usman,
100010903,,,10002,42,CREDIT,5000.00,Employer pension payable - Amina Usman,
100010904,,,10002,29,DEBIT,41.67,NSITF expense - Amina Usman,
100010905,,,10002,7,CREDIT,41.67,NSITF payable - Amina Usman,
100010906,,,10002,41,CREDIT,9944.25,PAYE payable - Bassey Etim,
100010907,,,10002,42,CREDIT,11960.00,Employee pension payable - Bassey Etim,
100010908,,,10002,44,CREDIT,1495.00,NHF payable - Bassey Etim,
100010909,,,10002,35,CREDIT,134550.00,Net salary payment - Bassey Etim,
100010910,,,10002,36,DEBIT,157949.25,Gross salary expense - Bassey Etim,
100010911,,,10002,38,DEBIT,14950.00,Employer pension expense - Bassey Etim,
100010912,,,10002,42,CREDIT,14950.00,Employer pension payable - Bassey Etim,
100010913,,,10002,29,DEBIT,124.58,NSITF expense - Bassey Etim,
100010914,,,10002,7,CREDIT,124.58,NSITF payable - Bassey Etim,
100010915,,,10002,41,CREDIT,23737.63,PAYE payable - Chinedu Okoye,
100010916,,,10002,42,CREDIT,19920.00,Employee pension payable - Chinedu Okoye,
100010917,,,10002,43,CREDIT,1037.50,Employee health payable - Chinedu Okoye,
100010918,,,10002,35,CREDIT,226590.00,Net salary payment - Chinedu Okoye,
100010919,,,10002,36,DEBIT,271285.13,Gross salary expense - Chinedu Okoye,
100010920,,,10002,38,DEBIT,24900.00,Employer pension expense - Chinedu Okoye,
100010921,,,10002,42,CREDIT,24900.00,Employer pension payable - Chinedu Okoye,
100010922,,,10002,39,DEBIT,2075.00,Employer health expense - Chinedu Okoye,
100010923,,,10002,43,CREDIT,2075.00,Employer health payable - Chinedu Okoye,
100010924,,,10002,29,DEBIT,207.50,NSITF expense - Chinedu Okoye,
100010925,,,10002,7,CREDIT,207.50,NSITF payable - Chinedu Okoye,
100010926,,,10002,41,CREDIT,39014.30,PAYE payable - Damilola Adebayo,
100010927,,,10002,42,CREDIT,27880.00,Employee pension payable - Damilola Adebayo,
100010928,,,10002,44,CREDIT,3485.00,NHF payable - Damilola Adebayo,
100010929,,,10002,35,CREDIT,313650.00,Net salary payment - Damilola Adebayo,
100010930,,,10002,36,DEBIT,384029.30,Gross salary expense - Damilola Adebayo,
100010931,,,10002,38,DEBIT,34850.00,Employer pension expense - Damilola Adebayo,
100010932,,,10002,42,CREDIT,34850.00,Employer pension payable - Damilola Adebayo,
100010933,,,10002,29,DEBIT,290.42,NSITF expense - Damilola Adebayo,
100010934,,,10002,7,CREDIT,290.42,NSITF payable - Damilola Adebayo,
100010935,,,10002,45,CREDIT,4000.00,Other deduction payable - Efe Akpan,
100010936,,,10002,41,CREDIT,56111.30,PAYE payable - Efe Akpan,
100010937,,,10002,42,CREDIT,35840.00,Employee pension payable - Efe Akpan,
100010938,,,10002,35,CREDIT,407680.00,Net salary payment - Efe Akpan,
100010939,,,10002,36,DEBIT,503631.30,Gross salary expense - Efe Akpan,
100010940,,,10002,38,DEBIT,44800.00,Employer pension expense - Efe Akpan,
100010941,,,10002,42,CREDIT,44800.00,Employer pension payable - Efe Akpan,
100010942,,,10002,29,DEBIT,373.33,NSITF expense - Efe Akpan,
100010943,,,10002,7,CREDIT,373.33,NSITF payable - Efe Akpan,
100010944,,,10002,41,CREDIT,70774.25,PAYE payable - Femi Olaoye,
100010945,,,10002,42,CREDIT,43800.00,Employee pension payable - Femi Olaoye,
100010946,,,10002,44,CREDIT,5475.00,NHF payable - Femi Olaoye,
100010947,,,10002,43,CREDIT,4562.50,Employee health payable - Femi Olaoye,
100010948,,,10002,35,CREDIT,492750.00,Net salary payment - Femi Olaoye,
100010949,,,10002,36,DEBIT,617361.75,Gross salary expense - Femi Olaoye,
100010950,,,10002,38,DEBIT,54750.00,Employer pension expense - Femi Olaoye,
100010951,,,10002,42,CREDIT,54750.00,Employer pension payable - Femi Olaoye,
100010952,,,10002,39,DEBIT,2281.25,Employer health expense - Femi Olaoye,
100010953,,,10002,43,CREDIT,2281.25,Employer health payable - Femi Olaoye,
100010954,,,10002,29,DEBIT,456.25,NSITF expense - Femi Olaoye,
100010955,,,10002,7,CREDIT,456.25,NSITF payable - Femi Olaoye,
100010956,,,10002,41,CREDIT,89050.70,PAYE payable - Grace Nwankwo,
100010957,,,10002,42,CREDIT,51760.00,Employee pension payable - Grace Nwankwo,
100010958,,,10002,35,CREDIT,588770.00,Net salary payment - Grace Nwankwo,
100010959,,,10002,36,DEBIT,729580.70,Gross salary expense - Grace Nwankwo,
100010960,,,10002,38,DEBIT,64700.00,Employer pension expense - Grace Nwankwo,
100010961,,,10002,42,CREDIT,64700.00,Employer pension payable - Grace Nwankwo,
100010962,,,10002,29,DEBIT,539.17,NSITF expense - Grace Nwankwo,
100010963,,,10002,7,CREDIT,539.17,NSITF payable - Grace Nwankwo,
100010964,,,10002,41,CREDIT,104176.70,PAYE payable - Hauwa Bello,
100010965,,,10002,42,CREDIT,59720.00,Employee pension payable - Hauwa Bello,
100010966,,,10002,44,CREDIT,7465.00,NHF payable - Hauwa Bello,
100010967,,,10002,35,CREDIT,671850.00,Net salary payment - Hauwa Bello,
100010968,,,10002,36,DEBIT,843211.70,Gross salary expense - Hauwa Bello,
100010969,,,10002,38,DEBIT,74650.00,Employer pension expense - Hauwa Bello,
100010970,,,10002,42,CREDIT,74650.00,Employer pension payable - Hauwa Bello,
100010971,,,10002,29,DEBIT,622.08,NSITF expense - Hauwa Bello,
100010972,,,10002,7,CREDIT,622.08,NSITF payable - Hauwa Bello,
100010973,,,10002,41,CREDIT,120721.10,PAYE payable - Ifeanyi Okafor,
100010974,,,10002,42,CREDIT,67680.00,Employee pension payable - Ifeanyi Okafor,
100010975,,,10002,43,CREDIT,7050.00,Employee health payable - Ifeanyi Okafor,
100010976,,,10002,35,CREDIT,769860.00,Net salary payment - Ifeanyi Okafor,
100010977,,,10002,36,DEBIT,965311.10,Gross salary expense - Ifeanyi Okafor,
100010978,,,10002,38,DEBIT,84600.00,Employer pension expense - Ifeanyi Okafor,
100010979,,,10002,42,CREDIT,84600.00,Employer pension payable - Ifeanyi Okafor,
100010980,,,10002,39,DEBIT,3525.00,Employer health expense - Ifeanyi Okafor,
100010981,,,10002,43,CREDIT,3525.00,Employer health payable - Ifeanyi Okafor,
100010982,,,10002,29,DEBIT,705.00,NSITF expense - Ifeanyi Okafor,
100010983,,,10002,7,CREDIT,705.00,NSITF payable - Ifeanyi Okafor,
100010984,,,10002,45,CREDIT,4500.00,Other deduction payable - Jumoke Adeyemi,
100010985,,,10002,19,CREDIT,32500.00,IOU recovery - Jumoke Adeyemi,
100010986,,,10002,41,CREDIT,136757.90,PAYE payable - Jumoke Adeyemi,
100010987,,,10002,42,CREDIT,75640.00,Employee pension payable - Jumoke Adeyemi,
100010988,,,10002,44,CREDIT,9455.00,NHF payable - Jumoke Adeyemi,
100010989,,,10002,35,CREDIT,850950.00,Net salary payment - Jumoke Adeyemi,
100010990,,,10002,36,DEBIT,1109802.90,Gross salary expense - Jumoke Adeyemi,
100010991,,,10002,38,DEBIT,94550.00,Employer pension expense - Jumoke Adeyemi,
100010992,,,10002,42,CREDIT,94550.00,Employer pension payable - Jumoke Adeyemi,
100010993,,,10002,29,DEBIT,787.92,NSITF expense - Jumoke Adeyemi,
100010994,,,10002,7,CREDIT,787.92,NSITF payable - Jumoke Adeyemi,
100010995,,,10002,41,CREDIT,154929.50,PAYE payable - Kelechi Eze,
100010996,,,10002,42,CREDIT,83600.00,Employee pension payable - Kelechi Eze,
100010997,,,10002,35,CREDIT,950950.00,Net salary payment - Kelechi Eze,
100010998,,,10002,36,DEBIT,1189479.50,Gross salary expense - Kelechi Eze,
100010999,,,10002,38,DEBIT,104500.00,Employer pension expense - Kelechi Eze,
100011000,,,10002,42,CREDIT,104500.00,Employer pension payable - Kelechi Eze,
100011001,,,10002,29,DEBIT,870.83,NSITF expense - Kelechi Eze,
100011002,,,10002,7,CREDIT,870.83,NSITF payable - Kelechi Eze,
100011003,,,10002,41,CREDIT,167474.64,PAYE payable - Ladi Balogun,
100011004,,,10002,42,CREDIT,91560.00,Employee pension payable - Ladi Balogun,
100011005,,,10002,44,CREDIT,11445.00,NHF payable - Ladi Balogun,
100011006,,,10002,43,CREDIT,14306.25,Employee health payable - Ladi Balogun,
100011007,,,10002,35,CREDIT,1030050.00,Net salary payment - Ladi Balogun,
100011008,,,10002,36,DEBIT,1314835.89,Gross salary expense - Ladi Balogun,
100011009,,,10002,38,DEBIT,114450.00,Employer pension expense - Ladi Balogun,
100011010,,,10002,42,CREDIT,114450.00,Employer pension payable - Ladi Balogun,
100011011,,,10002,29,DEBIT,953.75,NSITF expense - Ladi Balogun,
100011012,,,10002,7,CREDIT,953.75,NSITF payable - Ladi Balogun,
100011013,,,10002,41,CREDIT,192097.05,PAYE payable - Musa Ibrahim,
100011014,,,10002,42,CREDIT,99520.00,Employee pension payable - Musa Ibrahim,
100011015,,,10002,35,CREDIT,1132040.00,Net salary payment - Musa Ibrahim,
100011016,,,10002,36,DEBIT,1423657.05,Gross salary expense - Musa Ibrahim,
100011017,,,10002,38,DEBIT,124400.00,Employer pension expense - Musa Ibrahim,
100011018,,,10002,42,CREDIT,124400.00,Employer pension payable - Musa Ibrahim,
100011019,,,10002,29,DEBIT,1036.67,NSITF expense - Musa Ibrahim,
100011020,,,10002,7,CREDIT,1036.67,NSITF payable - Musa Ibrahim,
100011021,,,10002,41,CREDIT,208490.35,PAYE payable - Ngozi Okoro,
100011022,,,10002,42,CREDIT,107480.00,Employee pension payable - Ngozi Okoro,
100011023,,,10002,44,CREDIT,13435.00,NHF payable - Ngozi Okoro,
100011024,,,10002,35,CREDIT,1209150.00,Net salary payment - Ngozi Okoro,
100011025,,,10002,36,DEBIT,1538555.35,Gross salary expense - Ngozi Okoro,
100011026,,,10002,38,DEBIT,134350.00,Employer pension expense - Ngozi Okoro,
100011027,,,10002,42,CREDIT,134350.00,Employer pension payable - Ngozi Okoro,
100011028,,,10002,29,DEBIT,1119.58,NSITF expense - Ngozi Okoro,
100011029,,,10002,7,CREDIT,1119.58,NSITF payable - Ngozi Okoro,
100011030,,,10002,45,CREDIT,5000.00,Other deduction payable - Obinna Nnamdi,
100011031,,,10002,41,CREDIT,226738.48,PAYE payable - Obinna Nnamdi,
100011032,,,10002,42,CREDIT,115440.00,Employee pension payable - Obinna Nnamdi,
100011033,,,10002,43,CREDIT,18037.50,Employee health payable - Obinna Nnamdi,
100011034,,,10002,35,CREDIT,1313130.00,Net salary payment - Obinna Nnamdi,
100011035,,,10002,36,DEBIT,1678345.98,Gross salary expense - Obinna Nnamdi,
100011036,,,10002,38,DEBIT,144300.00,Employer pension expense - Obinna Nnamdi,
100011037,,,10002,42,CREDIT,144300.00,Employer pension payable - Obinna Nnamdi,
100011038,,,10002,29,DEBIT,1202.50,NSITF expense - Obinna Nnamdi,
100011039,,,10002,7,CREDIT,1202.50,NSITF payable - Obinna Nnamdi,
100011040,,,10002,41,CREDIT,246501.75,PAYE payable - Patience Udo,
100011041,,,10002,42,CREDIT,123400.00,Employee pension payable - Patience Udo,
100011042,,,10002,44,CREDIT,15425.00,NHF payable - Patience Udo,
100011043,,,10002,35,CREDIT,1388250.00,Net salary payment - Patience Udo,
100011044,,,10002,36,DEBIT,1773576.75,Gross salary expense - Patience Udo,
100011045,,,10002,38,DEBIT,154250.00,Employer pension expense - Patience Udo,
100011046,,,10002,42,CREDIT,154250.00,Employer pension payable - Patience Udo,
100011047,,,10002,29,DEBIT,1285.42,NSITF expense - Patience Udo,
100011048,,,10002,7,CREDIT,1285.42,NSITF payable - Patience Udo,
100011049,,,10002,41,CREDIT,268955.65,PAYE payable - Queen Yakubu,
100011050,,,10002,42,CREDIT,131360.00,Employee pension payable - Queen Yakubu,
100011051,,,10002,35,CREDIT,1494220.00,Net salary payment - Queen Yakubu,
100011052,,,10002,36,DEBIT,1894535.65,Gross salary expense - Queen Yakubu,
100011053,,,10002,38,DEBIT,164200.00,Employer pension expense - Queen Yakubu,
100011054,,,10002,42,CREDIT,164200.00,Employer pension payable - Queen Yakubu,
100011055,,,10002,29,DEBIT,1368.33,NSITF expense - Queen Yakubu,
100011056,,,10002,7,CREDIT,1368.33,NSITF payable - Queen Yakubu,
100011057,,,10002,41,CREDIT,279941.71,PAYE payable - Rotimi Lawal,
100011058,,,10002,42,CREDIT,139320.00,Employee pension payable - Rotimi Lawal,
100011059,,,10002,44,CREDIT,17415.00,NHF payable - Rotimi Lawal,
100011060,,,10002,43,CREDIT,21768.75,Employee health payable - Rotimi Lawal,
100011061,,,10002,35,CREDIT,1567350.00,Net salary payment - Rotimi Lawal,
100011062,,,10002,36,DEBIT,2025795.46,Gross salary expense - Rotimi Lawal,
100011063,,,10002,38,DEBIT,174150.00,Employer pension expense - Rotimi Lawal,
100011064,,,10002,42,CREDIT,174150.00,Employer pension payable - Rotimi Lawal,
100011065,,,10002,29,DEBIT,1451.25,NSITF expense - Rotimi Lawal,
100011066,,,10002,7,CREDIT,1451.25,NSITF payable - Rotimi Lawal,
100011067,,,10002,41,CREDIT,307384.95,PAYE payable - Sade Ekanem,
100011068,,,10002,42,CREDIT,147280.00,Employee pension payable - Sade Ekanem,
100011069,,,10002,35,CREDIT,1675310.00,Net salary payment - Sade Ekanem,
100011070,,,10002,36,DEBIT,2129974.95,Gross salary expense - Sade Ekanem,
100011071,,,10002,38,DEBIT,184100.00,Employer pension expense - Sade Ekanem,
100011072,,,10002,42,CREDIT,184100.00,Employer pension payable - Sade Ekanem,
100011073,,,10002,29,DEBIT,1534.17,NSITF expense - Sade Ekanem,
100011074,,,10002,7,CREDIT,1534.17,NSITF payable - Sade Ekanem,
100011075,,,10002,45,CREDIT,5500.00,Other deduction payable - Tunde Ogunleye,
100011076,,,10002,19,CREDIT,35000.00,IOU recovery - Tunde Ogunleye,
100011077,,,10002,41,CREDIT,322524.55,PAYE payable - Tunde Ogunleye,
100011078,,,10002,42,CREDIT,155240.00,Employee pension payable - Tunde Ogunleye,
100011079,,,10002,44,CREDIT,19405.00,NHF payable - Tunde Ogunleye,
100011080,,,10002,35,CREDIT,1746450.00,Net salary payment - Tunde Ogunleye,
100011081,,,10002,36,DEBIT,2284119.55,Gross salary expense - Tunde Ogunleye,
100011082,,,10002,38,DEBIT,194050.00,Employer pension expense - Tunde Ogunleye,
100011083,,,10002,42,CREDIT,194050.00,Employer pension payable - Tunde Ogunleye,
100011084,,,10002,29,DEBIT,1617.08,NSITF expense - Tunde Ogunleye,
100011085,,,10002,7,CREDIT,1617.08,NSITF payable - Tunde Ogunleye,
100011086,,,10002,41,CREDIT,340459.25,PAYE payable - Amina Etim,
100011087,,,10002,42,CREDIT,163200.00,Employee pension payable - Amina Etim,
100011088,,,10002,43,CREDIT,25500.00,Employee health payable - Amina Etim,
100011089,,,10002,35,CREDIT,1856400.00,Net salary payment - Amina Etim,
100011090,,,10002,36,DEBIT,2385559.25,Gross salary expense - Amina Etim,
100011091,,,10002,38,DEBIT,204000.00,Employer pension expense - Amina Etim,
100011092,,,10002,42,CREDIT,204000.00,Employer pension payable - Amina Etim,
100011093,,,10002,29,DEBIT,1700.00,NSITF expense - Amina Etim,
100011094,,,10002,7,CREDIT,1700.00,NSITF payable - Amina Etim,
100011095,,,10002,41,CREDIT,360535.95,PAYE payable - Bassey Okoye,
100011096,,,10002,42,CREDIT,171160.00,Employee pension payable - Bassey Okoye,
100011097,,,10002,44,CREDIT,21395.00,NHF payable - Bassey Okoye,
100011098,,,10002,35,CREDIT,1925550.00,Net salary payment - Bassey Okoye,
100011099,,,10002,36,DEBIT,2478640.95,Gross salary expense - Bassey Okoye,
100011100,,,10002,38,DEBIT,213950.00,Employer pension expense - Bassey Okoye,
100011101,,,10002,42,CREDIT,213950.00,Employer pension payable - Bassey Okoye,
100011102,,,10002,29,DEBIT,1782.92,NSITF expense - Bassey Okoye,
100011103,,,10002,7,CREDIT,1782.92,NSITF payable - Bassey Okoye,
100011104,,,10002,41,CREDIT,384243.55,PAYE payable - Chinedu Adebayo,
100011105,,,10002,42,CREDIT,179120.00,Employee pension payable - Chinedu Adebayo,
100011106,,,10002,35,CREDIT,2037490.00,Net salary payment - Chinedu Adebayo,
100011107,,,10002,36,DEBIT,2600853.55,Gross salary expense - Chinedu Adebayo,
100011108,,,10002,38,DEBIT,223900.00,Employer pension expense - Chinedu Adebayo,
100011109,,,10002,42,CREDIT,223900.00,Employer pension payable - Chinedu Adebayo,
100011110,,,10002,29,DEBIT,1865.83,NSITF expense - Chinedu Adebayo,
100011111,,,10002,7,CREDIT,1865.83,NSITF payable - Chinedu Adebayo,
100011112,,,10002,41,CREDIT,392638.20,PAYE payable - Damilola Akpan,
100011113,,,10002,42,CREDIT,187080.00,Employee pension payable - Damilola Akpan,
100011114,,,10002,44,CREDIT,23385.00,NHF payable - Damilola Akpan,
100011115,,,10002,43,CREDIT,29231.25,Employee health payable - Damilola Akpan,
100011116,,,10002,35,CREDIT,2104650.00,Net salary payment - Damilola Akpan,
100011117,,,10002,36,DEBIT,2736984.45,Gross salary expense - Damilola Akpan,
100011118,,,10002,38,DEBIT,233850.00,Employer pension expense - Damilola Akpan,
100011119,,,10002,42,CREDIT,233850.00,Employer pension payable - Damilola Akpan,
100011120,,,10002,29,DEBIT,1948.75,NSITF expense - Damilola Akpan,
100011121,,,10002,7,CREDIT,1948.75,NSITF payable - Damilola Akpan,
100011122,,,10002,45,CREDIT,6000.00,Other deduction payable - Efe Olaoye,
100011123,,,10002,41,CREDIT,425784.55,PAYE payable - Efe Olaoye,
100011124,,,10002,42,CREDIT,195040.00,Employee pension payable - Efe Olaoye,
100011125,,,10002,35,CREDIT,2218580.00,Net salary payment - Efe Olaoye,
100011126,,,10002,36,DEBIT,2845404.55,Gross salary expense - Efe Olaoye,
100011127,,,10002,38,DEBIT,243800.00,Employer pension expense - Efe Olaoye,
100011128,,,10002,42,CREDIT,243800.00,Employer pension payable - Efe Olaoye,
100011129,,,10002,29,DEBIT,2031.67,NSITF expense - Efe Olaoye,
100011130,,,10002,7,CREDIT,2031.67,NSITF payable - Efe Olaoye,
100011131,,,10002,41,CREDIT,440992.92,PAYE payable - Femi Nwankwo,
100011132,,,10002,42,CREDIT,203000.00,Employee pension payable - Femi Nwankwo,
100011133,,,10002,44,CREDIT,25375.00,NHF payable - Femi Nwankwo,
100011134,,,10002,35,CREDIT,2283750.00,Net salary payment - Femi Nwankwo,
100011135,,,10002,36,DEBIT,2953117.92,Gross salary expense - Femi Nwankwo,
100011136,,,10002,38,DEBIT,253750.00,Employer pension expense - Femi Nwankwo,
100011137,,,10002,42,CREDIT,253750.00,Employer pension payable - Femi Nwankwo,
100011138,,,10002,29,DEBIT,2114.58,NSITF expense - Femi Nwankwo,
100011139,,,10002,7,CREDIT,2114.58,NSITF payable - Femi Nwankwo,
100011140,,,10002,41,CREDIT,460292.41,PAYE payable - Grace Bello,
100011141,,,10002,42,CREDIT,210960.00,Employee pension payable - Grace Bello,
100011142,,,10002,43,CREDIT,32962.50,Employee health payable - Grace Bello,
100011143,,,10002,35,CREDIT,2399670.00,Net salary payment - Grace Bello,
100011144,,,10002,36,DEBIT,3103884.91,Gross salary expense - Grace Bello,
100011145,,,10002,38,DEBIT,263700.00,Employer pension expense - Grace Bello,
100011146,,,10002,42,CREDIT,263700.00,Employer pension payable - Grace Bello,
100011147,,,10002,29,DEBIT,2197.50,NSITF expense - Grace Bello,
100011148,,,10002,7,CREDIT,2197.50,NSITF payable - Grace Bello,
100011149,,,10002,41,CREDIT,482624.45,PAYE payable - Hauwa Okafor,
100011150,,,10002,42,CREDIT,218920.00,Employee pension payable - Hauwa Okafor,
100011151,,,10002,44,CREDIT,27365.00,NHF payable - Hauwa Okafor,
100011152,,,10002,35,CREDIT,2462850.00,Net salary payment - Hauwa Okafor,
100011153,,,10002,36,DEBIT,3191759.45,Gross salary expense - Hauwa Okafor,
100011154,,,10002,38,DEBIT,273650.00,Employer pension expense - Hauwa Okafor,
100011155,,,10002,42,CREDIT,273650.00,Employer pension payable - Hauwa Okafor,
100011156,,,10002,29,DEBIT,2280.42,NSITF expense - Hauwa Okafor,
100011157,,,10002,7,CREDIT,2280.42,NSITF payable - Hauwa Okafor,
100011158,,,10002,41,CREDIT,509963.02,PAYE payable - Ifeanyi Adeyemi,
100011159,,,10002,42,CREDIT,226880.00,Employee pension payable - Ifeanyi Adeyemi,
100011160,,,10002,35,CREDIT,2580760.00,Net salary payment - Ifeanyi Adeyemi,
100011161,,,10002,36,DEBIT,3317603.02,Gross salary expense - Ifeanyi Adeyemi,
100011162,,,10002,38,DEBIT,283600.00,Employer pension expense - Ifeanyi Adeyemi,
100011163,,,10002,42,CREDIT,283600.00,Employer pension payable - Ifeanyi Adeyemi,
100011164,,,10002,29,DEBIT,2363.33,NSITF expense - Ifeanyi Adeyemi,
100011165,,,10002,7,CREDIT,2363.33,NSITF payable - Ifeanyi Adeyemi,
100011166,,,10002,45,CREDIT,6500.00,Other deduction payable - Jumoke Eze,
100011167,,,10002,19,CREDIT,37500.00,IOU recovery - Jumoke Eze,
100011168,,,10002,41,CREDIT,515816.42,PAYE payable - Jumoke Eze,
100011169,,,10002,42,CREDIT,234840.00,Employee pension payable - Jumoke Eze,
100011170,,,10002,44,CREDIT,29355.00,NHF payable - Jumoke Eze,
100011171,,,10002,43,CREDIT,36693.75,Employee health payable - Jumoke Eze,
100011172,,,10002,35,CREDIT,2641950.00,Net salary payment - Jumoke Eze,
100011173,,,10002,36,DEBIT,3502655.17,Gross salary expense - Jumoke Eze,
100011174,,,10002,38,DEBIT,293550.00,Employer pension expense - Jumoke Eze,
100011175,,,10002,42,CREDIT,293550.00,Employer pension payable - Jumoke Eze,
100011176,,,10002,29,DEBIT,2446.25,NSITF expense - Jumoke Eze,
100011177,,,10002,7,CREDIT,2446.25,NSITF payable - Jumoke Eze,
100011178,,,10002,41,CREDIT,552052.25,PAYE payable - Kelechi Balogun,
100011179,,,10002,42,CREDIT,242800.00,Employee pension payable - Kelechi Balogun,
100011180,,,10002,35,CREDIT,2761850.00,Net salary payment - Kelechi Balogun,
100011181,,,10002,36,DEBIT,3556702.25,Gross salary expense - Kelechi Balogun,
100011182,,,10002,38,DEBIT,303500.00,Employer pension expense - Kelechi Balogun,
100011183,,,10002,42,CREDIT,303500.00,Employer pension payable - Kelechi Balogun,
100011184,,,10002,29,DEBIT,2529.17,NSITF expense - Kelechi Balogun,
100011185,,,10002,7,CREDIT,2529.17,NSITF payable - Kelechi Balogun,
100011186,,,10002,41,CREDIT,565887.52,PAYE payable - Ladi Ibrahim,
100011187,,,10002,42,CREDIT,250760.00,Employee pension payable - Ladi Ibrahim,
100011188,,,10002,44,CREDIT,31345.00,NHF payable - Ladi Ibrahim,
100011189,,,10002,35,CREDIT,2821050.00,Net salary payment - Ladi Ibrahim,
100011190,,,10002,36,DEBIT,3669042.52,Gross salary expense - Ladi Ibrahim,
100011191,,,10002,38,DEBIT,313450.00,Employer pension expense - Ladi Ibrahim,
100011192,,,10002,42,CREDIT,313450.00,Employer pension payable - Ladi Ibrahim,
100011193,,,10002,29,DEBIT,2612.08,NSITF expense - Ladi Ibrahim,
100011194,,,10002,7,CREDIT,2612.08,NSITF payable - Ladi Ibrahim,
100011195,,,10002,41,CREDIT,584843.73,PAYE payable - Musa Okoro,
100011196,,,10002,42,CREDIT,258720.00,Employee pension payable - Musa Okoro,
100011197,,,10002,43,CREDIT,40425.00,Employee health payable - Musa Okoro,
100011198,,,10002,35,CREDIT,2942940.00,Net salary payment - Musa Okoro,
100011199,,,10002,36,DEBIT,3826928.73,Gross salary expense - Musa Okoro,
100011200,,,10002,38,DEBIT,323400.00,Employer pension expense - Musa Okoro,
100011201,,,10002,42,CREDIT,323400.00,Employer pension payable - Musa Okoro,
100011202,,,10002,29,DEBIT,2695.00,NSITF expense - Musa Okoro,
100011203,,,10002,7,CREDIT,2695.00,NSITF payable - Musa Okoro,
100011204,,,10002,41,CREDIT,607519.05,PAYE payable - Ngozi Nnamdi,
100011205,,,10002,42,CREDIT,266680.00,Employee pension payable - Ngozi Nnamdi,
100011206,,,10002,44,CREDIT,33335.00,NHF payable - Ngozi Nnamdi,
100011207,,,10002,35,CREDIT,3000150.00,Net salary payment - Ngozi Nnamdi,
100011208,,,10002,36,DEBIT,3907684.05,Gross salary expense - Ngozi Nnamdi,
100011209,,,10002,38,DEBIT,333350.00,Employer pension expense - Ngozi Nnamdi,
100011210,,,10002,42,CREDIT,333350.00,Employer pension payable - Ngozi Nnamdi,
100011211,,,10002,29,DEBIT,2777.92,NSITF expense - Ngozi Nnamdi,
100011212,,,10002,7,CREDIT,2777.92,NSITF payable - Ngozi Nnamdi,
100011213,,,10002,45,CREDIT,7000.00,Other deduction payable - Obinna Udo,
100011214,,,10002,41,CREDIT,636230.72,PAYE payable - Obinna Udo,
100011215,,,10002,42,CREDIT,274640.00,Employee pension payable - Obinna Udo,
100011216,,,10002,35,CREDIT,3124030.00,Net salary payment - Obinna Udo,
100011217,,,10002,36,DEBIT,4041900.72,Gross salary expense - Obinna Udo,
100011218,,,10002,38,DEBIT,343300.00,Employer pension expense - Obinna Udo,
100011219,,,10002,42,CREDIT,343300.00,Employer pension payable - Obinna Udo,
100011220,,,10002,29,DEBIT,2860.83,NSITF expense - Obinna Udo,
100011221,,,10002,7,CREDIT,2860.83,NSITF payable - Obinna Udo,
100011222,,,10002,41,CREDIT,638994.65,PAYE payable - Patience Yakubu,
100011223,,,10002,42,CREDIT,282600.00,Employee pension payable - Patience Yakubu,
100011224,,,10002,44,CREDIT,35325.00,NHF payable - Patience Yakubu,
100011225,,,10002,43,CREDIT,44156.25,Employee health payable - Patience Yakubu,
100011226,,,10002,35,CREDIT,3179250.00,Net salary payment - Patience Yakubu,
100011227,,,10002,36,DEBIT,4180325.90,Gross salary expense - Patience Yakubu,
100011228,,,10002,38,DEBIT,353250.00,Employer pension expense - Patience Yakubu,
100011229,,,10002,42,CREDIT,353250.00,Employer pension payable - Patience Yakubu,
100011230,,,10002,29,DEBIT,2943.75,NSITF expense - Patience Yakubu,
100011231,,,10002,7,CREDIT,2943.75,NSITF payable - Patience Yakubu,
100011232,,,10002,41,CREDIT,678319.95,PAYE payable - Queen Lawal,
100011233,,,10002,42,CREDIT,290560.00,Employee pension payable - Queen Lawal,
100011234,,,10002,35,CREDIT,3305120.00,Net salary payment - Queen Lawal,
100011235,,,10002,36,DEBIT,4273999.95,Gross salary expense - Queen Lawal,
100011236,,,10002,38,DEBIT,363200.00,Employer pension expense - Queen Lawal,
100011237,,,10002,42,CREDIT,363200.00,Employer pension payable - Queen Lawal,
100011238,,,10002,29,DEBIT,3026.67,NSITF expense - Queen Lawal,
100011239,,,10002,7,CREDIT,3026.67,NSITF payable - Queen Lawal,
100011240,,,10002,41,CREDIT,690782.12,PAYE payable - Rotimi Ekanem,
100011241,,,10002,42,CREDIT,298520.00,Employee pension payable - Rotimi Ekanem,
100011242,,,10002,44,CREDIT,37315.00,NHF payable - Rotimi Ekanem,
100011243,,,10002,35,CREDIT,3358350.00,Net salary payment - Rotimi Ekanem,
100011244,,,10002,36,DEBIT,4384967.12,Gross salary expense - Rotimi Ekanem,
100011245,,,10002,38,DEBIT,373150.00,Employer pension expense - Rotimi Ekanem,
100011246,,,10002,42,CREDIT,373150.00,Employer pension payable - Rotimi Ekanem,
100011247,,,10002,29,DEBIT,3109.58,NSITF expense - Rotimi Ekanem,
100011248,,,10002,7,CREDIT,3109.58,NSITF payable - Rotimi Ekanem,
100011249,,,10002,41,CREDIT,709395.06,PAYE payable - Sade Ogunleye,
100011250,,,10002,42,CREDIT,306480.00,Employee pension payable - Sade Ogunleye,
100011251,,,10002,43,CREDIT,47887.50,Employee health payable - Sade Ogunleye,
100011252,,,10002,35,CREDIT,3486210.00,Net salary payment - Sade Ogunleye,
100011253,,,10002,36,DEBIT,4549972.56,Gross salary expense - Sade Ogunleye,
100011254,,,10002,38,DEBIT,383100.00,Employer pension expense - Sade Ogunleye,
100011255,,,10002,42,CREDIT,383100.00,Employer pension payable - Sade Ogunleye,
100011256,,,10002,29,DEBIT,3192.50,NSITF expense - Sade Ogunleye,
100011257,,,10002,7,CREDIT,3192.50,NSITF payable - Sade Ogunleye,
100011258,,,10002,45,CREDIT,7500.00,Other deduction payable - Tunde Usman,
100011259,,,10002,19,CREDIT,40000.00,IOU recovery - Tunde Usman,
100011260,,,10002,41,CREDIT,732413.65,PAYE payable - Tunde Usman,
100011261,,,10002,42,CREDIT,314440.00,Employee pension payable - Tunde Usman,
100011262,,,10002,44,CREDIT,39305.00,NHF payable - Tunde Usman,
100011263,,,10002,35,CREDIT,3537450.00,Net salary payment - Tunde Usman,
100011264,,,10002,36,DEBIT,4671108.65,Gross salary expense - Tunde Usman,
100011265,,,10002,38,DEBIT,393050.00,Employer pension expense - Tunde Usman,
100011266,,,10002,42,CREDIT,393050.00,Employer pension payable - Tunde Usman,
100011267,,,10002,29,DEBIT,3275.42,NSITF expense - Tunde Usman,
100011268,,,10002,7,CREDIT,3275.42,NSITF payable - Tunde Usman,
100011269,,,10002,41,CREDIT,762498.42,PAYE payable - Amina Okoye,
100011270,,,10002,42,CREDIT,322400.00,Employee pension payable - Amina Okoye,
100011271,,,10002,35,CREDIT,3667300.00,Net salary payment - Amina Okoye,
100011272,,,10002,36,DEBIT,4752198.42,Gross salary expense - Amina Okoye,
100011273,,,10002,38,DEBIT,403000.00,Employer pension expense - Amina Okoye,
100011274,,,10002,42,CREDIT,403000.00,Employer pension payable - Amina Okoye,
100011275,,,10002,29,DEBIT,3358.33,NSITF expense - Amina Okoye,
100011276,,,10002,7,CREDIT,3358.33,NSITF payable - Amina Okoye,
100011277,,,10002,41,CREDIT,762172.87,PAYE payable - Bassey Adebayo,
100011278,,,10002,42,CREDIT,330360.00,Employee pension payable - Bassey Adebayo,
100011279,,,10002,44,CREDIT,41295.00,NHF payable - Bassey Adebayo,
100011280,,,10002,43,CREDIT,51618.75,Employee health payable - Bassey Adebayo,
100011281,,,10002,35,CREDIT,3716550.00,Net salary payment - Bassey Adebayo,
100011282,,,10002,36,DEBIT,4901996.62,Gross salary expense - Bassey Adebayo,
100011283,,,10002,38,DEBIT,412950.00,Employer pension expense - Bassey Adebayo,
100011284,,,10002,42,CREDIT,412950.00,Employer pension payable - Bassey Adebayo,
100011285,,,10002,29,DEBIT,3441.25,NSITF expense - Bassey Adebayo,
100011286,,,10002,7,CREDIT,3441.25,NSITF payable - Bassey Adebayo,
100011287,,,10002,41,CREDIT,804587.65,PAYE payable - Chinedu Akpan,
100011288,,,10002,42,CREDIT,338320.00,Employee pension payable - Chinedu Akpan,
100011289,,,10002,35,CREDIT,3848390.00,Net salary payment - Chinedu Akpan,
100011290,,,10002,36,DEBIT,4991297.65,Gross salary expense - Chinedu Akpan,
100011291,,,10002,38,DEBIT,422900.00,Employer pension expense - Chinedu Akpan,
100011292,,,10002,42,CREDIT,422900.00,Employer pension payable - Chinedu Akpan,
100011293,,,10002,29,DEBIT,3524.17,NSITF expense - Chinedu Akpan,
100011294,,,10002,7,CREDIT,3524.17,NSITF payable - Chinedu Akpan,
100011295,,,10002,41,CREDIT,815676.72,PAYE payable - Damilola Olaoye,
100011296,,,10002,42,CREDIT,346280.00,Employee pension payable - Damilola Olaoye,
100011297,,,10002,44,CREDIT,43285.00,NHF payable - Damilola Olaoye,
100011298,,,10002,35,CREDIT,3895650.00,Net salary payment - Damilola Olaoye,
100011299,,,10002,36,DEBIT,5100891.72,Gross salary expense - Damilola Olaoye,
100011300,,,10002,38,DEBIT,432850.00,Employer pension expense - Damilola Olaoye,
100011301,,,10002,42,CREDIT,432850.00,Employer pension payable - Damilola Olaoye,
100011302,,,10002,29,DEBIT,3607.08,NSITF expense - Damilola Olaoye,
100011303,,,10002,7,CREDIT,3607.08,NSITF payable - Damilola Olaoye,
100011304,,,10002,45,CREDIT,8000.00,Other deduction payable - Efe Nwankwo,
100011305,,,10002,41,CREDIT,833946.38,PAYE payable - Efe Nwankwo,
100011306,,,10002,42,CREDIT,354240.00,Employee pension payable - Efe Nwankwo,
100011307,,,10002,43,CREDIT,55350.00,Employee health payable - Efe Nwankwo,
100011308,,,10002,35,CREDIT,4029480.00,Net salary payment - Efe Nwankwo,
100011309,,,10002,36,DEBIT,5281016.38,Gross salary expense - Efe Nwankwo,
100011310,,,10002,38,DEBIT,442800.00,Employer pension expense - Efe Nwankwo,
100011311,,,10002,42,CREDIT,442800.00,Employer pension payable - Efe Nwankwo,
100011312,,,10002,29,DEBIT,3690.00,NSITF expense - Efe Nwankwo,
100011313,,,10002,7,CREDIT,3690.00,NSITF payable - Efe Nwankwo,
100011314,,,10002,41,CREDIT,857308.25,PAYE payable - Femi Bello,
100011315,,,10002,42,CREDIT,362200.00,Employee pension payable - Femi Bello,
100011316,,,10002,44,CREDIT,45275.00,NHF payable - Femi Bello,
100011317,,,10002,35,CREDIT,4074750.00,Net salary payment - Femi Bello,
100011318,,,10002,36,DEBIT,5339533.25,Gross salary expense - Femi Bello,
100011319,,,10002,38,DEBIT,452750.00,Employer pension expense - Femi Bello,
100011320,,,10002,42,CREDIT,452750.00,Employer pension payable - Femi Bello,
100011321,,,10002,29,DEBIT,3772.92,NSITF expense - Femi Bello,
100011322,,,10002,7,CREDIT,3772.92,NSITF payable - Femi Bello,
100011323,,,10002,41,CREDIT,890470.42,PAYE payable - Grace Okafor,
100011324,,,10002,42,CREDIT,370160.00,Employee pension payable - Grace Okafor,
100011325,,,10002,35,CREDIT,4210570.00,Net salary payment - Grace Okafor,
100011326,,,10002,36,DEBIT,5471200.42,Gross salary expense - Grace Okafor,
100011327,,,10002,38,DEBIT,462700.00,Employer pension expense - Grace Okafor,
100011328,,,10002,42,CREDIT,462700.00,Employer pension payable - Grace Okafor,
100011329,,,10002,29,DEBIT,3855.83,NSITF expense - Grace Okafor,
100011330,,,10002,7,CREDIT,3855.83,NSITF payable - Grace Okafor,
100011331,,,10002,41,CREDIT,886758.44,PAYE payable - Hauwa Adeyemi,
100011332,,,10002,42,CREDIT,378120.00,Employee pension payable - Hauwa Adeyemi,
100011333,,,10002,44,CREDIT,47265.00,NHF payable - Hauwa Adeyemi,
100011334,,,10002,43,CREDIT,59081.25,Employee health payable - Hauwa Adeyemi,
100011335,,,10002,35,CREDIT,4253850.00,Net salary payment - Hauwa Adeyemi,
100011336,,,10002,36,DEBIT,5625074.69,Gross salary expense - Hauwa Adeyemi,
100011337,,,10002,38,DEBIT,472650.00,Employer pension expense - Hauwa Adeyemi,
100011338,,,10002,42,CREDIT,472650.00,Employer pension payable - Hauwa Adeyemi,
100011339,,,10002,29,DEBIT,3938.75,NSITF expense - Hauwa Adeyemi,
100011340,,,10002,7,CREDIT,3938.75,NSITF payable - Hauwa Adeyemi,
100011341,,,10002,41,CREDIT,936219.58,PAYE payable - Ifeanyi Eze,
100011342,,,10002,42,CREDIT,386080.00,Employee pension payable - Ifeanyi Eze,
100011343,,,10002,35,CREDIT,4391660.00,Net salary payment - Ifeanyi Eze,
100011344,,,10002,36,DEBIT,5713959.58,Gross salary expense - Ifeanyi Eze,
100011345,,,10002,38,DEBIT,482600.00,Employer pension expense - Ifeanyi Eze,
100011346,,,10002,42,CREDIT,482600.00,Employer pension payable - Ifeanyi Eze,
100011347,,,10002,29,DEBIT,4021.67,NSITF expense - Ifeanyi Eze,
100011348,,,10002,7,CREDIT,4021.67,NSITF payable - Ifeanyi Eze,
100011349,,,10002,45,CREDIT,8500.00,Other deduction payable - Jumoke Balogun,
100011350,,,10002,19,CREDIT,42500.00,IOU recovery - Jumoke Balogun,
100011351,,,10002,41,CREDIT,946780.42,PAYE payable - Jumoke Balogun,
100011352,,,10002,42,CREDIT,394040.00,Employee pension payable - Jumoke Balogun,
100011353,,,10002,44,CREDIT,49255.00,NHF payable - Jumoke Balogun,
100011354,,,10002,35,CREDIT,4432950.00,Net salary payment - Jumoke Balogun,
100011355,,,10002,36,DEBIT,5874025.42,Gross salary expense - Jumoke Balogun,
100011356,,,10002,38,DEBIT,492550.00,Employer pension expense - Jumoke Balogun,
100011357,,,10002,42,CREDIT,492550.00,Employer pension payable - Jumoke Balogun,
100011358,,,10002,29,DEBIT,4104.58,NSITF expense - Jumoke Balogun,
100011359,,,10002,7,CREDIT,4104.58,NSITF payable - Jumoke Balogun,
100011360,,,10002,41,CREDIT,966265.63,PAYE payable - Kelechi Ibrahim,
100011361,,,10002,42,CREDIT,402000.00,Employee pension payable - Kelechi Ibrahim,
100011362,,,10002,43,CREDIT,62812.50,Employee health payable - Kelechi Ibrahim,
100011363,,,10002,35,CREDIT,4572750.00,Net salary payment - Kelechi Ibrahim,
100011364,,,10002,36,DEBIT,6003828.13,Gross salary expense - Kelechi Ibrahim,
100011365,,,10002,38,DEBIT,502500.00,Employer pension expense - Kelechi Ibrahim,
100011366,,,10002,42,CREDIT,502500.00,Employer pension payable - Kelechi Ibrahim,
100011367,,,10002,29,DEBIT,4187.50,NSITF expense - Kelechi Ibrahim,
100011368,,,10002,7,CREDIT,4187.50,NSITF payable - Kelechi Ibrahim,
100011369,,,10002,41,CREDIT,992032.08,PAYE payable - Ladi Okoro,
100011370,,,10002,42,CREDIT,409960.00,Employee pension payable - Ladi Okoro,
100011371,,,10002,44,CREDIT,51245.00,NHF payable - Ladi Okoro,
100011372,,,10002,35,CREDIT,4612050.00,Net salary payment - Ladi Okoro,
100011373,,,10002,36,DEBIT,6065287.08,Gross salary expense - Ladi Okoro,
100011374,,,10002,38,DEBIT,512450.00,Employer pension expense - Ladi Okoro,
100011375,,,10002,42,CREDIT,512450.00,Employer pension payable - Ladi Okoro,
100011376,,,10002,29,DEBIT,4270.42,NSITF expense - Ladi Okoro,
100011377,,,10002,7,CREDIT,4270.42,NSITF payable - Ladi Okoro,
100011378,,,10002,41,CREDIT,1027717.92,PAYE payable - Musa Nnamdi,
100011379,,,10002,42,CREDIT,417920.00,Employee pension payable - Musa Nnamdi,
100011380,,,10002,35,CREDIT,4753840.00,Net salary payment - Musa Nnamdi,
100011381,,,10002,36,DEBIT,6199477.92,Gross salary expense - Musa Nnamdi,
100011382,,,10002,38,DEBIT,522400.00,Employer pension expense - Musa Nnamdi,
100011383,,,10002,42,CREDIT,522400.00,Employer pension payable - Musa Nnamdi,
100011384,,,10002,29,DEBIT,4353.33,NSITF expense - Musa Nnamdi,
100011385,,,10002,7,CREDIT,4353.33,NSITF payable - Musa Nnamdi,
100011386,,,10002,41,CREDIT,1020647.81,PAYE payable - Ngozi Udo,
100011387,,,10002,42,CREDIT,425880.00,Employee pension payable - Ngozi Udo,
100011388,,,10002,44,CREDIT,53235.00,NHF payable - Ngozi Udo,
100011389,,,10002,43,CREDIT,66543.75,Employee health payable - Ngozi Udo,
100011390,,,10002,35,CREDIT,4791150.00,Net salary payment - Ngozi Udo,
100011391,,,10002,36,DEBIT,6357456.56,Gross salary expense - Ngozi Udo,
100011392,,,10002,38,DEBIT,532350.00,Employer pension expense - Ngozi Udo,
100011393,,,10002,42,CREDIT,532350.00,Employer pension payable - Ngozi Udo,
100011394,,,10002,29,DEBIT,4436.25,NSITF expense - Ngozi Udo,
100011395,,,10002,7,CREDIT,4436.25,NSITF payable - Ngozi Udo,
100011396,,,10002,45,CREDIT,9000.00,Other deduction payable - Obinna Yakubu,
100011397,,,10002,41,CREDIT,1073467.08,PAYE payable - Obinna Yakubu,
100011398,,,10002,42,CREDIT,433840.00,Employee pension payable - Obinna Yakubu,
100011399,,,10002,35,CREDIT,4934930.00,Net salary payment - Obinna Yakubu,
100011400,,,10002,36,DEBIT,6451237.08,Gross salary expense - Obinna Yakubu,
100011401,,,10002,38,DEBIT,542300.00,Employer pension expense - Obinna Yakubu,
100011402,,,10002,42,CREDIT,542300.00,Employer pension payable - Obinna Yakubu,
100011403,,,10002,29,DEBIT,4519.17,NSITF expense - Obinna Yakubu,
100011404,,,10002,7,CREDIT,4519.17,NSITF payable - Obinna Yakubu,
100011405,,,10002,41,CREDIT,1082535.42,PAYE payable - Patience Lawal,
100011406,,,10002,42,CREDIT,441800.00,Employee pension payable - Patience Lawal,
100011407,,,10002,44,CREDIT,55225.00,NHF payable - Patience Lawal,
100011408,,,10002,35,CREDIT,4970250.00,Net salary payment - Patience Lawal,
100011409,,,10002,36,DEBIT,6549810.42,Gross salary expense - Patience Lawal,
100011410,,,10002,38,DEBIT,552250.00,Employer pension expense - Patience Lawal,
100011411,,,10002,42,CREDIT,552250.00,Employer pension payable - Patience Lawal,
100011412,,,10002,29,DEBIT,4602.08,NSITF expense - Patience Lawal,
100011413,,,10002,7,CREDIT,4602.08,NSITF payable - Patience Lawal,
100011414,,,10002,41,CREDIT,1101647.50,PAYE payable - Queen Ekanem,
100011415,,,10002,42,CREDIT,449760.00,Employee pension payable - Queen Ekanem,
100011416,,,10002,43,CREDIT,70275.00,Employee health payable - Queen Ekanem,
100011417,,,10002,35,CREDIT,5116020.00,Net salary payment - Queen Ekanem,
100011418,,,10002,36,DEBIT,6737702.50,Gross salary expense - Queen Ekanem,
100011419,,,10002,38,DEBIT,562200.00,Employer pension expense - Queen Ekanem,
100011420,,,10002,42,CREDIT,562200.00,Employer pension payable - Queen Ekanem,
100011421,,,10002,29,DEBIT,4685.00,NSITF expense - Queen Ekanem,
100011422,,,10002,7,CREDIT,4685.00,NSITF payable - Queen Ekanem,
100011423,,,10002,41,CREDIT,1127787.08,PAYE payable - Rotimi Ogunleye,
100011424,,,10002,42,CREDIT,457720.00,Employee pension payable - Rotimi Ogunleye,
100011425,,,10002,44,CREDIT,57215.00,NHF payable - Rotimi Ogunleye,
100011426,,,10002,35,CREDIT,5149350.00,Net salary payment - Rotimi Ogunleye,
100011427,,,10002,36,DEBIT,6792072.08,Gross salary expense - Rotimi Ogunleye,
100011428,,,10002,38,DEBIT,572150.00,Employer pension expense - Rotimi Ogunleye,
100011429,,,10002,42,CREDIT,572150.00,Employer pension payable - Rotimi Ogunleye,
100011430,,,10002,29,DEBIT,4767.92,NSITF expense - Rotimi Ogunleye,
100011431,,,10002,7,CREDIT,4767.92,NSITF payable - Rotimi Ogunleye,
100011432,,,10002,41,CREDIT,1164965.42,PAYE payable - Sade Usman,
100011433,,,10002,42,CREDIT,465680.00,Employee pension payable - Sade Usman,
100011434,,,10002,35,CREDIT,5297110.00,Net salary payment - Sade Usman,
100011435,,,10002,36,DEBIT,6927755.42,Gross salary expense - Sade Usman,
100011436,,,10002,38,DEBIT,582100.00,Employer pension expense - Sade Usman,
100011437,,,10002,42,CREDIT,582100.00,Employer pension payable - Sade Usman,
100011438,,,10002,29,DEBIT,4850.83,NSITF expense - Sade Usman,
100011439,,,10002,7,CREDIT,4850.83,NSITF payable - Sade Usman,
100011440,,,10002,45,CREDIT,9500.00,Other deduction payable - Tunde Etim,
100011441,,,10002,19,CREDIT,45000.00,IOU recovery - Tunde Etim,
100011442,,,10002,41,CREDIT,1154537.19,PAYE payable - Tunde Etim,
100011443,,,10002,42,CREDIT,473640.00,Employee pension payable - Tunde Etim,
100011444,,,10002,44,CREDIT,59205.00,NHF payable - Tunde Etim,
100011445,,,10002,43,CREDIT,74006.25,Employee health payable - Tunde Etim,
100011446,,,10002,35,CREDIT,5328450.00,Net salary payment - Tunde Etim,
100011447,,,10002,36,DEBIT,7144338.44,Gross salary expense - Tunde Etim,
100011448,,,10002,38,DEBIT,592050.00,Employer pension expense - Tunde Etim,
100011449,,,10002,42,CREDIT,592050.00,Employer pension payable - Tunde Etim,
100011450,,,10002,29,DEBIT,4933.75,NSITF expense - Tunde Etim,
100011451,,,10002,7,CREDIT,4933.75,NSITF payable - Tunde Etim,
100011452,,,10002,41,CREDIT,1210714.58,PAYE payable - Amina Adebayo,
100011453,,,10002,42,CREDIT,481600.00,Employee pension payable - Amina Adebayo,
100011454,,,10002,35,CREDIT,5478200.00,Net salary payment - Amina Adebayo,
100011455,,,10002,36,DEBIT,7170514.58,Gross salary expense - Amina Adebayo,
100011456,,,10002,38,DEBIT,602000.00,Employer pension expense - Amina Adebayo,
100011457,,,10002,42,CREDIT,602000.00,Employer pension payable - Amina Adebayo,
100011458,,,10002,29,DEBIT,5016.67,NSITF expense - Amina Adebayo,
100011459,,,10002,7,CREDIT,5016.67,NSITF payable - Amina Adebayo,
100011460,,,10002,41,CREDIT,1218290.42,PAYE payable - Bassey Akpan,
100011461,,,10002,42,CREDIT,489560.00,Employee pension payable - Bassey Akpan,
100011462,,,10002,44,CREDIT,61195.00,NHF payable - Bassey Akpan,
100011463,,,10002,35,CREDIT,5507550.00,Net salary payment - Bassey Akpan,
100011464,,,10002,36,DEBIT,7276595.42,Gross salary expense - Bassey Akpan,
100011465,,,10002,38,DEBIT,611950.00,Employer pension expense - Bassey Akpan,
100011466,,,10002,42,CREDIT,611950.00,Employer pension payable - Bassey Akpan,
100011467,,,10002,29,DEBIT,5099.58,NSITF expense - Bassey Akpan,
100011468,,,10002,7,CREDIT,5099.58,NSITF payable - Bassey Akpan,
100011469,,,10002,41,CREDIT,1237029.38,PAYE payable - Chinedu Olaoye,
100011470,,,10002,42,CREDIT,497520.00,Employee pension payable - Chinedu Olaoye,
100011471,,,10002,43,CREDIT,77737.50,Employee health payable - Chinedu Olaoye,
100011472,,,10002,35,CREDIT,5659290.00,Net salary payment - Chinedu Olaoye,
100011473,,,10002,36,DEBIT,7471576.88,Gross salary expense - Chinedu Olaoye,
100011474,,,10002,38,DEBIT,621900.00,Employer pension expense - Chinedu Olaoye,
100011475,,,10002,42,CREDIT,621900.00,Employer pension payable - Chinedu Olaoye,
100011476,,,10002,29,DEBIT,5182.50,NSITF expense - Chinedu Olaoye,
100011477,,,10002,7,CREDIT,5182.50,NSITF payable - Chinedu Olaoye,
100011478,,,10002,41,CREDIT,1263542.08,PAYE payable - Damilola Nwankwo,
100011479,,,10002,42,CREDIT,505480.00,Employee pension payable - Damilola Nwankwo,
100011480,,,10002,44,CREDIT,63185.00,NHF payable - Damilola Nwankwo,
100011481,,,10002,35,CREDIT,5686650.00,Net salary payment - Damilola Nwankwo,
100011482,,,10002,36,DEBIT,7518857.08,Gross salary expense - Damilola Nwankwo,
100011483,,,10002,38,DEBIT,631850.00,Employer pension expense - Damilola Nwankwo,
100011484,,,10002,42,CREDIT,631850.00,Employer pension payable - Damilola Nwankwo,
100011485,,,10002,29,DEBIT,5265.42,NSITF expense - Damilola Nwankwo,
100011486,,,10002,7,CREDIT,5265.42,NSITF payable - Damilola Nwankwo,
100011487,,,10002,45,CREDIT,10000.00,Other deduction payable - Efe Bello,
100011488,,,10002,41,CREDIT,1302212.92,PAYE payable - Efe Bello,
100011489,,,10002,42,CREDIT,513440.00,Employee pension payable - Efe Bello,
100011490,,,10002,35,CREDIT,5840380.00,Net salary payment - Efe Bello,
100011491,,,10002,36,DEBIT,7666032.92,Gross salary expense - Efe Bello,
100011492,,,10002,38,DEBIT,641800.00,Employer pension expense - Efe Bello,
100011493,,,10002,42,CREDIT,641800.00,Employer pension payable - Efe Bello,
100011494,,,10002,29,DEBIT,5348.33,NSITF expense - Efe Bello,
100011495,,,10002,7,CREDIT,5348.33,NSITF payable - Efe Bello,
100011496,,,10002,41,CREDIT,1288426.56,PAYE payable - Femi Okafor,
100011497,,,10002,42,CREDIT,521400.00,Employee pension payable - Femi Okafor,
100011498,,,10002,44,CREDIT,65175.00,NHF payable - Femi Okafor,
100011499,,,10002,43,CREDIT,81468.75,Employee health payable - Femi Okafor,
100011500,,,10002,35,CREDIT,5865750.00,Net salary payment - Femi Okafor,
100011501,,,10002,36,DEBIT,7822220.31,Gross salary expense - Femi Okafor,
100011502,,,10002,38,DEBIT,651750.00,Employer pension expense - Femi Okafor,
100011503,,,10002,42,CREDIT,651750.00,Employer pension payable - Femi Okafor,
100011504,,,10002,29,DEBIT,5431.25,NSITF expense - Femi Okafor,
100011505,,,10002,7,CREDIT,5431.25,NSITF payable - Femi Okafor,
100011506,,,10002,41,CREDIT,1347962.08,PAYE payable - Grace Adeyemi,
100011507,,,10002,42,CREDIT,529360.00,Employee pension payable - Grace Adeyemi,
100011508,,,10002,35,CREDIT,6021470.00,Net salary payment - Grace Adeyemi,
100011509,,,10002,36,DEBIT,7898792.08,Gross salary expense - Grace Adeyemi,
100011510,,,10002,38,DEBIT,661700.00,Employer pension expense - Grace Adeyemi,
100011511,,,10002,42,CREDIT,661700.00,Employer pension payable - Grace Adeyemi,
100011512,,,10002,29,DEBIT,5514.17,NSITF expense - Grace Adeyemi,
100011513,,,10002,7,CREDIT,5514.17,NSITF payable - Grace Adeyemi,
100011514,,,10002,41,CREDIT,1354045.42,PAYE payable - Hauwa Eze,
100011515,,,10002,42,CREDIT,537320.00,Employee pension payable - Hauwa Eze,
100011516,,,10002,44,CREDIT,67165.00,NHF payable - Hauwa Eze,
100011517,,,10002,35,CREDIT,6044850.00,Net salary payment - Hauwa Eze,
100011518,,,10002,36,DEBIT,8003380.42,Gross salary expense - Hauwa Eze,
100011519,,,10002,38,DEBIT,671650.00,Employer pension expense - Hauwa Eze,
100011520,,,10002,42,CREDIT,671650.00,Employer pension payable - Hauwa Eze,
100011521,,,10002,29,DEBIT,5597.08,NSITF expense - Hauwa Eze,
100011522,,,10002,7,CREDIT,5597.08,NSITF payable - Hauwa Eze,
100011523,,,10002,41,CREDIT,1372411.25,PAYE payable - Ifeanyi Balogun,
100011524,,,10002,42,CREDIT,545280.00,Employee pension payable - Ifeanyi Balogun,
100011525,,,10002,43,CREDIT,85200.00,Employee health payable - Ifeanyi Balogun,
100011526,,,10002,35,CREDIT,6202560.00,Net salary payment - Ifeanyi Balogun,
100011527,,,10002,36,DEBIT,8205451.25,Gross salary expense - Ifeanyi Balogun,
100011528,,,10002,38,DEBIT,681600.00,Employer pension expense - Ifeanyi Balogun,
100011529,,,10002,42,CREDIT,681600.00,Employer pension payable - Ifeanyi Balogun,
100011530,,,10002,29,DEBIT,5680.00,NSITF expense - Ifeanyi Balogun,
100011531,,,10002,7,CREDIT,5680.00,NSITF payable - Ifeanyi Balogun,
100011532,,,10002,45,CREDIT,10500.00,Other deduction payable - Jumoke Ibrahim,
100011533,,,10002,19,CREDIT,47500.00,IOU recovery - Jumoke Ibrahim,
100011534,,,10002,41,CREDIT,1399297.08,PAYE payable - Jumoke Ibrahim,
100011535,,,10002,42,CREDIT,553240.00,Employee pension payable - Jumoke Ibrahim,
100011536,,,10002,44,CREDIT,69155.00,NHF payable - Jumoke Ibrahim,
100011537,,,10002,35,CREDIT,6223950.00,Net salary payment - Jumoke Ibrahim,
100011538,,,10002,36,DEBIT,8303642.08,Gross salary expense - Jumoke Ibrahim,
100011539,,,10002,38,DEBIT,691550.00,Employer pension expense - Jumoke Ibrahim,
100011540,,,10002,42,CREDIT,691550.00,Employer pension payable - Jumoke Ibrahim,
100011541,,,10002,29,DEBIT,5762.92,NSITF expense - Jumoke Ibrahim,
100011542,,,10002,7,CREDIT,5762.92,NSITF payable - Jumoke Ibrahim,
100011543,,,10002,41,CREDIT,1439460.42,PAYE payable - Kelechi Okoro,
100011544,,,10002,42,CREDIT,561200.00,Employee pension payable - Kelechi Okoro,
100011545,,,10002,35,CREDIT,6383650.00,Net salary payment - Kelechi Okoro,
100011546,,,10002,36,DEBIT,8384310.42,Gross salary expense - Kelechi Okoro,
100011547,,,10002,38,DEBIT,701500.00,Employer pension expense - Kelechi Okoro,
100011548,,,10002,42,CREDIT,701500.00,Employer pension payable - Kelechi Okoro,
100011549,,,10002,29,DEBIT,5845.83,NSITF expense - Kelechi Okoro,
100011550,,,10002,7,CREDIT,5845.83,NSITF payable - Kelechi Okoro,
100011551,,,10002,41,CREDIT,1422315.94,PAYE payable - Ladi Nnamdi,
100011552,,,10002,42,CREDIT,569160.00,Employee pension payable - Ladi Nnamdi,
100011553,,,10002,44,CREDIT,71145.00,NHF payable - Ladi Nnamdi,
100011554,,,10002,43,CREDIT,88931.25,Employee health payable - Ladi Nnamdi,
100011555,,,10002,35,CREDIT,6403050.00,Net salary payment - Ladi Nnamdi,
100011556,,,10002,36,DEBIT,8554602.19,Gross salary expense - Ladi Nnamdi,
100011557,,,10002,38,DEBIT,711450.00,Employer pension expense - Ladi Nnamdi,
100011558,,,10002,42,CREDIT,711450.00,Employer pension payable - Ladi Nnamdi,
100011559,,,10002,29,DEBIT,5928.75,NSITF expense - Ladi Nnamdi,
100011560,,,10002,7,CREDIT,5928.75,NSITF payable - Ladi Nnamdi,
100011561,,,10002,41,CREDIT,1485209.58,PAYE payable - Musa Udo,
100011562,,,10002,42,CREDIT,577120.00,Employee pension payable - Musa Udo,
100011563,,,10002,35,CREDIT,6564740.00,Net salary payment - Musa Udo,
100011564,,,10002,36,DEBIT,8627069.58,Gross salary expense - Musa Udo,
100011565,,,10002,38,DEBIT,721400.00,Employer pension expense - Musa Udo,
100011566,,,10002,42,CREDIT,721400.00,Employer pension payable - Musa Udo,
100011567,,,10002,29,DEBIT,6011.67,NSITF expense - Musa Udo,
100011568,,,10002,7,CREDIT,6011.67,NSITF payable - Musa Udo,
100011569,,,10002,41,CREDIT,1489800.42,PAYE payable - Ngozi Yakubu,
100011570,,,10002,42,CREDIT,585080.00,Employee pension payable - Ngozi Yakubu,
100011571,,,10002,44,CREDIT,73135.00,NHF payable - Ngozi Yakubu,
100011572,,,10002,35,CREDIT,6582150.00,Net salary payment - Ngozi Yakubu,
100011573,,,10002,36,DEBIT,8730165.42,Gross salary expense - Ngozi Yakubu,
100011574,,,10002,38,DEBIT,731350.00,Employer pension expense - Ngozi Yakubu,
100011575,,,10002,42,CREDIT,731350.00,Employer pension payable - Ngozi Yakubu,
100011576,,,10002,29,DEBIT,6094.58,NSITF expense - Ngozi Yakubu,
100011577,,,10002,7,CREDIT,6094.58,NSITF payable - Ngozi Yakubu,
100011578,,,10002,45,CREDIT,11000.00,Other deduction payable - Obinna Lawal,
100011579,,,10002,41,CREDIT,1507793.13,PAYE payable - Obinna Lawal,
100011580,,,10002,42,CREDIT,593040.00,Employee pension payable - Obinna Lawal,
100011581,,,10002,43,CREDIT,92662.50,Employee health payable - Obinna Lawal,
100011582,,,10002,35,CREDIT,6745830.00,Net salary payment - Obinna Lawal,
100011583,,,10002,36,DEBIT,8950325.63,Gross salary expense - Obinna Lawal,
100011584,,,10002,38,DEBIT,741300.00,Employer pension expense - Obinna Lawal,
100011585,,,10002,42,CREDIT,741300.00,Employer pension payable - Obinna Lawal,
100011586,,,10002,29,DEBIT,6177.50,NSITF expense - Obinna Lawal,
100011587,,,10002,7,CREDIT,6177.50,NSITF payable - Obinna Lawal,
100011588,,,10002,41,CREDIT,1535052.08,PAYE payable - Patience Ekanem,
100011589,,,10002,42,CREDIT,601000.00,Employee pension payable - Patience Ekanem,
100011590,,,10002,44,CREDIT,75125.00,NHF payable - Patience Ekanem,
100011591,,,10002,35,CREDIT,6761250.00,Net salary payment - Patience Ekanem,
100011592,,,10002,36,DEBIT,8972427.08,Gross salary expense - Patience Ekanem,
100011593,,,10002,38,DEBIT,751250.00,Employer pension expense - Patience Ekanem,
100011594,,,10002,42,CREDIT,751250.00,Employer pension payable - Patience Ekanem,
100011595,,,10002,29,DEBIT,6260.42,NSITF expense - Patience Ekanem,
100011596,,,10002,7,CREDIT,6260.42,NSITF payable - Patience Ekanem,
100011597,,,10002,41,CREDIT,1576707.92,PAYE payable - Queen Ogunleye,
100011598,,,10002,42,CREDIT,608960.00,Employee pension payable - Queen Ogunleye,
100011599,,,10002,35,CREDIT,6926920.00,Net salary payment - Queen Ogunleye,
100011600,,,10002,36,DEBIT,9112587.92,Gross salary expense - Queen Ogunleye,
100011601,,,10002,38,DEBIT,761200.00,Employer pension expense - Queen Ogunleye,
100011602,,,10002,42,CREDIT,761200.00,Employer pension payable - Queen Ogunleye,
100011603,,,10002,29,DEBIT,6343.33,NSITF expense - Queen Ogunleye,
100011604,,,10002,7,CREDIT,6343.33,NSITF payable - Queen Ogunleye,
100011605,,,10002,41,CREDIT,1556205.31,PAYE payable - Rotimi Usman,
100011606,,,10002,42,CREDIT,616920.00,Employee pension payable - Rotimi Usman,
100011607,,,10002,44,CREDIT,77115.00,NHF payable - Rotimi Usman,
100011608,,,10002,43,CREDIT,96393.75,Employee health payable - Rotimi Usman,
100011609,,,10002,35,CREDIT,6940350.00,Net salary payment - Rotimi Usman,
100011610,,,10002,36,DEBIT,9286984.06,Gross salary expense - Rotimi Usman,
100011611,,,10002,38,DEBIT,771150.00,Employer pension expense - Rotimi Usman,
100011612,,,10002,42,CREDIT,771150.00,Employer pension payable - Rotimi Usman,
100011613,,,10002,29,DEBIT,6426.25,NSITF expense - Rotimi Usman,
100011614,,,10002,7,CREDIT,6426.25,NSITF payable - Rotimi Usman,
100011615,,,10002,41,CREDIT,1622457.08,PAYE payable - Sade Etim,
100011616,,,10002,42,CREDIT,624880.00,Employee pension payable - Sade Etim,
100011617,,,10002,35,CREDIT,7108010.00,Net salary payment - Sade Etim,
100011618,,,10002,36,DEBIT,9355347.08,Gross salary expense - Sade Etim,
100011619,,,10002,38,DEBIT,781100.00,Employer pension expense - Sade Etim,
100011620,,,10002,42,CREDIT,781100.00,Employer pension payable - Sade Etim,
100011621,,,10002,29,DEBIT,6509.17,NSITF expense - Sade Etim,
100011622,,,10002,7,CREDIT,6509.17,NSITF payable - Sade Etim,
100011623,,,10002,45,CREDIT,11500.00,Other deduction payable - Tunde Okoye,
100011624,,,10002,19,CREDIT,50000.00,IOU recovery - Tunde Okoye,
100011625,,,10002,41,CREDIT,1625555.42,PAYE payable - Tunde Okoye,
100011626,,,10002,42,CREDIT,632840.00,Employee pension payable - Tunde Okoye,
100011627,,,10002,44,CREDIT,79105.00,NHF payable - Tunde Okoye,
100011628,,,10002,35,CREDIT,7119450.00,Net salary payment - Tunde Okoye,
100011629,,,10002,36,DEBIT,9518450.42,Gross salary expense - Tunde Okoye,
100011630,,,10002,38,DEBIT,791050.00,Employer pension expense - Tunde Okoye,
100011631,,,10002,42,CREDIT,791050.00,Employer pension payable - Tunde Okoye,
100011632,,,10002,29,DEBIT,6592.08,NSITF expense - Tunde Okoye,
100011633,,,10002,7,CREDIT,6592.08,NSITF payable - Tunde Okoye,
100011634,,,10002,41,CREDIT,1643175.00,PAYE payable - Amina Akpan,
100011635,,,10002,42,CREDIT,640800.00,Employee pension payable - Amina Akpan,
100011636,,,10002,43,CREDIT,100125.00,Employee health payable - Amina Akpan,
100011637,,,10002,35,CREDIT,7289100.00,Net salary payment - Amina Akpan,
100011638,,,10002,36,DEBIT,9673200.00,Gross salary expense - Amina Akpan,
100011639,,,10002,38,DEBIT,801000.00,Employer pension expense - Amina Akpan,
100011640,,,10002,42,CREDIT,801000.00,Employer pension payable - Amina Akpan,
100011641,,,10002,29,DEBIT,6675.00,NSITF expense - Amina Akpan,
100011642,,,10002,7,CREDIT,6675.00,NSITF payable - Amina Akpan,
100011643,,,10002,41,CREDIT,1670807.08,PAYE payable - Bassey Olaoye,
100011644,,,10002,42,CREDIT,648760.00,Employee pension payable - Bassey Olaoye,
100011645,,,10002,44,CREDIT,81095.00,NHF payable - Bassey Olaoye,
100011646,,,10002,35,CREDIT,7298550.00,Net salary payment - Bassey Olaoye,
100011647,,,10002,36,DEBIT,9699212.08,Gross salary expense - Bassey Olaoye,
100011648,,,10002,38,DEBIT,810950.00,Employer pension expense - Bassey Olaoye,
100011649,,,10002,42,CREDIT,810950.00,Employer pension payable - Bassey Olaoye,
100011650,,,10002,29,DEBIT,6757.92,NSITF expense - Bassey Olaoye,
100011651,,,10002,7,CREDIT,6757.92,NSITF payable - Bassey Olaoye,
100011652,,,10002,41,CREDIT,1713955.42,PAYE payable - Chinedu Nwankwo,
100011653,,,10002,42,CREDIT,656720.00,Employee pension payable - Chinedu Nwankwo,
100011654,,,10002,35,CREDIT,7470190.00,Net salary payment - Chinedu Nwankwo,
100011655,,,10002,36,DEBIT,9840865.42,Gross salary expense - Chinedu Nwankwo,
100011656,,,10002,38,DEBIT,820900.00,Employer pension expense - Chinedu Nwankwo,
100011657,,,10002,42,CREDIT,820900.00,Employer pension payable - Chinedu Nwankwo,
100011658,,,10002,29,DEBIT,6840.83,NSITF expense - Chinedu Nwankwo,
100011659,,,10002,7,CREDIT,6840.83,NSITF payable - Chinedu Nwankwo,
100011660,,,10002,41,CREDIT,1690094.69,PAYE payable - Damilola Bello,
100011661,,,10002,42,CREDIT,664680.00,Employee pension payable - Damilola Bello,
100011662,,,10002,44,CREDIT,83085.00,NHF payable - Damilola Bello,
100011663,,,10002,43,CREDIT,103856.25,Employee health payable - Damilola Bello,
100011664,,,10002,35,CREDIT,7477650.00,Net salary payment - Damilola Bello,
100011665,,,10002,36,DEBIT,10019365.94,Gross salary expense - Damilola Bello,
100011666,,,10002,38,DEBIT,830850.00,Employer pension expense - Damilola Bello,
100011667,,,10002,42,CREDIT,830850.00,Employer pension payable - Damilola Bello,
100011668,,,10002,29,DEBIT,6923.75,NSITF expense - Damilola Bello,
100011669,,,10002,7,CREDIT,6923.75,NSITF payable - Damilola Bello,
100011670,,,10002,45,CREDIT,12000.00,Other deduction payable - Efe Okafor,
100011671,,,10002,41,CREDIT,1759704.58,PAYE payable - Efe Okafor,
100011672,,,10002,42,CREDIT,672640.00,Employee pension payable - Efe Okafor,
100011673,,,10002,35,CREDIT,7651280.00,Net salary payment - Efe Okafor,
100011674,,,10002,36,DEBIT,10095624.58,Gross salary expense - Efe Okafor,
100011675,,,10002,38,DEBIT,840800.00,Employer pension expense - Efe Okafor,
100011676,,,10002,42,CREDIT,840800.00,Employer pension payable - Efe Okafor,
100011677,,,10002,29,DEBIT,7006.67,NSITF expense - Efe Okafor,
100011678,,,10002,7,CREDIT,7006.67,NSITF payable - Efe Okafor,
100011679,,,10002,41,CREDIT,1761310.42,PAYE payable - Femi Adeyemi,
100011680,,,10002,42,CREDIT,680600.00,Employee pension payable - Femi Adeyemi,
100011681,,,10002,44,CREDIT,85075.00,NHF payable - Femi Adeyemi,
100011682,,,10002,35,CREDIT,7656750.00,Net salary payment - Femi Adeyemi,
100011683,,,10002,36,DEBIT,10183735.42,Gross salary expense - Femi Adeyemi,
100011684,,,10002,38,DEBIT,850750.00,Employer pension expense - Femi Adeyemi,
100011685,,,10002,42,CREDIT,850750.00,Employer pension payable - Femi Adeyemi,
100011686,,,10002,29,DEBIT,7089.58,NSITF expense - Femi Adeyemi,
100011687,,,10002,7,CREDIT,7089.58,NSITF payable - Femi Adeyemi,
100011688,,,10002,41,CREDIT,1778556.88,PAYE payable - Grace Eze,
100011689,,,10002,42,CREDIT,688560.00,Employee pension payable - Grace Eze,
100011690,,,10002,43,CREDIT,107587.50,Employee health payable - Grace Eze,
100011691,,,10002,35,CREDIT,7832370.00,Net salary payment - Grace Eze,
100011692,,,10002,36,DEBIT,10407074.38,Gross salary expense - Grace Eze,
100011693,,,10002,38,DEBIT,860700.00,Employer pension expense - Grace Eze,
100011694,,,10002,42,CREDIT,860700.00,Employer pension payable - Grace Eze,
100011695,,,10002,29,DEBIT,7172.50,NSITF expense - Grace Eze,
100011696,,,10002,7,CREDIT,7172.50,NSITF payable - Grace Eze,
100011697,,,10002,41,CREDIT,1806562.08,PAYE payable - Hauwa Balogun,
100011698,,,10002,42,CREDIT,696520.00,Employee pension payable - Hauwa Balogun,
100011699,,,10002,44,CREDIT,87065.00,NHF payable - Hauwa Balogun,
100011700,,,10002,35,CREDIT,7835850.00,Net salary payment - Hauwa Balogun,
100011701,,,10002,36,DEBIT,10425997.08,Gross salary expense - Hauwa Balogun,
100011702,,,10002,38,DEBIT,870650.00,Employer pension expense - Hauwa Balogun,
100011703,,,10002,42,CREDIT,870650.00,Employer pension payable - Hauwa Balogun,
100011704,,,10002,29,DEBIT,7255.42,NSITF expense - Hauwa Balogun,
100011705,,,10002,7,CREDIT,7255.42,NSITF payable - Hauwa Balogun,
100011706,,,10002,41,CREDIT,1851202.92,PAYE payable - Ifeanyi Ibrahim,
100011707,,,10002,42,CREDIT,704480.00,Employee pension payable - Ifeanyi Ibrahim,
100011708,,,10002,35,CREDIT,8013460.00,Net salary payment - Ifeanyi Ibrahim,
100011709,,,10002,36,DEBIT,10569142.92,Gross salary expense - Ifeanyi Ibrahim,
100011710,,,10002,38,DEBIT,880600.00,Employer pension expense - Ifeanyi Ibrahim,
100011711,,,10002,42,CREDIT,880600.00,Employer pension payable - Ifeanyi Ibrahim,
100011712,,,10002,29,DEBIT,7338.33,NSITF expense - Ifeanyi Ibrahim,
100011713,,,10002,7,CREDIT,7338.33,NSITF payable - Ifeanyi Ibrahim,
100011714,,,10002,45,CREDIT,12500.00,Other deduction payable - Jumoke Okoro,
100011715,,,10002,19,CREDIT,52500.00,IOU recovery - Jumoke Okoro,
100011716,,,10002,41,CREDIT,1823984.06,PAYE payable - Jumoke Okoro,
100011717,,,10002,42,CREDIT,712440.00,Employee pension payable - Jumoke Okoro,
100011718,,,10002,44,CREDIT,89055.00,NHF payable - Jumoke Okoro,
100011719,,,10002,43,CREDIT,111318.75,Employee health payable - Jumoke Okoro,
100011720,,,10002,35,CREDIT,8014950.00,Net salary payment - Jumoke Okoro,
100011721,,,10002,36,DEBIT,10816747.81,Gross salary expense - Jumoke Okoro,
100011722,,,10002,38,DEBIT,890550.00,Employer pension expense - Jumoke Okoro,
100011723,,,10002,42,CREDIT,890550.00,Employer pension payable - Jumoke Okoro,
100011724,,,10002,29,DEBIT,7421.25,NSITF expense - Jumoke Okoro,
100011725,,,10002,7,CREDIT,7421.25,NSITF payable - Jumoke Okoro,
100011726,,,10002,41,CREDIT,1896952.08,PAYE payable - Kelechi Nnamdi,
100011727,,,10002,42,CREDIT,720400.00,Employee pension payable - Kelechi Nnamdi,
100011728,,,10002,35,CREDIT,8194550.00,Net salary payment - Kelechi Nnamdi,
100011729,,,10002,36,DEBIT,10811902.08,Gross salary expense - Kelechi Nnamdi,
100011730,,,10002,38,DEBIT,900500.00,Employer pension expense - Kelechi Nnamdi,
100011731,,,10002,42,CREDIT,900500.00,Employer pension payable - Kelechi Nnamdi,
100011732,,,10002,29,DEBIT,7504.17,NSITF expense - Kelechi Nnamdi,
100011733,,,10002,7,CREDIT,7504.17,NSITF payable - Kelechi Nnamdi,
100011734,,,10002,41,CREDIT,1897065.42,PAYE payable - Ladi Udo,
100011735,,,10002,42,CREDIT,728360.00,Employee pension payable - Ladi Udo,
100011736,,,10002,44,CREDIT,91045.00,NHF payable - Ladi Udo,
100011737,,,10002,35,CREDIT,8194050.00,Net salary payment - Ladi Udo,
100011738,,,10002,36,DEBIT,10910520.42,Gross salary expense - Ladi Udo,
100011739,,,10002,38,DEBIT,910450.00,Employer pension expense - Ladi Udo,
100011740,,,10002,42,CREDIT,910450.00,Employer pension payable - Ladi Udo,
100011741,,,10002,29,DEBIT,7587.08,NSITF expense - Ladi Udo,
100011742,,,10002,7,CREDIT,7587.08,NSITF payable - Ladi Udo,
100011743,,,10002,41,CREDIT,1913938.75,PAYE payable - Musa Yakubu,
100011744,,,10002,42,CREDIT,736320.00,Employee pension payable - Musa Yakubu,
100011745,,,10002,43,CREDIT,115050.00,Employee health payable - Musa Yakubu,
100011746,,,10002,35,CREDIT,8375640.00,Net salary payment - Musa Yakubu,
100011747,,,10002,36,DEBIT,11140948.75,Gross salary expense - Musa Yakubu,
100011748,,,10002,38,DEBIT,920400.00,Employer pension expense - Musa Yakubu,
100011749,,,10002,42,CREDIT,920400.00,Employer pension payable - Musa Yakubu,
100011750,,,10002,29,DEBIT,7670.00,NSITF expense - Musa Yakubu,
100011751,,,10002,7,CREDIT,7670.00,NSITF payable - Musa Yakubu,
100011752,,,10002,41,CREDIT,1942317.08,PAYE payable - Ngozi Lawal,
100011753,,,10002,42,CREDIT,744280.00,Employee pension payable - Ngozi Lawal,
100011754,,,10002,44,CREDIT,93035.00,NHF payable - Ngozi Lawal,
100011755,,,10002,35,CREDIT,8373150.00,Net salary payment - Ngozi Lawal,
100011756,,,10002,36,DEBIT,11152782.08,Gross salary expense - Ngozi Lawal,
100011757,,,10002,38,DEBIT,930350.00,Employer pension expense - Ngozi Lawal,
100011758,,,10002,42,CREDIT,930350.00,Employer pension payable - Ngozi Lawal,
100011759,,,10002,29,DEBIT,7752.92,NSITF expense - Ngozi Lawal,
100011760,,,10002,7,CREDIT,7752.92,NSITF payable - Ngozi Lawal,
100011761,,,10002,45,CREDIT,13000.00,Other deduction payable - Obinna Ekanem,
100011762,,,10002,41,CREDIT,1988450.42,PAYE payable - Obinna Ekanem,
100011763,,,10002,42,CREDIT,752240.00,Employee pension payable - Obinna Ekanem,
100011764,,,10002,35,CREDIT,8556730.00,Net salary payment - Obinna Ekanem,
100011765,,,10002,36,DEBIT,11310420.42,Gross salary expense - Obinna Ekanem,
100011766,,,10002,38,DEBIT,940300.00,Employer pension expense - Obinna Ekanem,
100011767,,,10002,42,CREDIT,940300.00,Employer pension payable - Obinna Ekanem,
100011768,,,10002,29,DEBIT,7835.83,NSITF expense - Obinna Ekanem,
100011769,,,10002,7,CREDIT,7835.83,NSITF payable - Obinna Ekanem,
100011770,,,10002,41,CREDIT,1957873.44,PAYE payable - Patience Ogunleye,
100011771,,,10002,42,CREDIT,760200.00,Employee pension payable - Patience Ogunleye,
100011772,,,10002,44,CREDIT,95025.00,NHF payable - Patience Ogunleye,
100011773,,,10002,43,CREDIT,118781.25,Employee health payable - Patience Ogunleye,
100011774,,,10002,35,CREDIT,8552250.00,Net salary payment - Patience Ogunleye,
100011775,,,10002,36,DEBIT,11484129.69,Gross salary expense - Patience Ogunleye,
100011776,,,10002,38,DEBIT,950250.00,Employer pension expense - Patience Ogunleye,
100011777,,,10002,42,CREDIT,950250.00,Employer pension payable - Patience Ogunleye,
100011778,,,10002,29,DEBIT,7918.75,NSITF expense - Patience Ogunleye,
100011779,,,10002,7,CREDIT,7918.75,NSITF payable - Patience Ogunleye,
100011780,,,10002,41,CREDIT,2034199.58,PAYE payable - Queen Usman,
100011781,,,10002,42,CREDIT,768160.00,Employee pension payable - Queen Usman,
100011782,,,10002,35,CREDIT,8737820.00,Net salary payment - Queen Usman,
100011783,,,10002,36,DEBIT,11540179.58,Gross salary expense - Queen Usman,
100011784,,,10002,38,DEBIT,960200.00,Employer pension expense - Queen Usman,
100011785,,,10002,42,CREDIT,960200.00,Employer pension payable - Queen Usman,
100011786,,,10002,29,DEBIT,8001.67,NSITF expense - Queen Usman,
100011787,,,10002,7,CREDIT,8001.67,NSITF payable - Queen Usman,
100011788,,,10002,41,CREDIT,2032820.42,PAYE payable - Rotimi Etim,
100011789,,,10002,42,CREDIT,776120.00,Employee pension payable - Rotimi Etim,
100011790,,,10002,44,CREDIT,97015.00,NHF payable - Rotimi Etim,
100011791,,,10002,35,CREDIT,8731350.00,Net salary payment - Rotimi Etim,
100011792,,,10002,36,DEBIT,11637305.42,Gross salary expense - Rotimi Etim,
100011793,,,10002,38,DEBIT,970150.00,Employer pension expense - Rotimi Etim,
100011794,,,10002,42,CREDIT,970150.00,Employer pension payable - Rotimi Etim,
100011795,,,10002,29,DEBIT,8084.58,NSITF expense - Rotimi Etim,
100011796,,,10002,7,CREDIT,8084.58,NSITF payable - Rotimi Etim,
100011797,,,10002,41,CREDIT,2049320.63,PAYE payable - Sade Okoye,
100011798,,,10002,42,CREDIT,784080.00,Employee pension payable - Sade Okoye,
100011799,,,10002,43,CREDIT,122512.50,Employee health payable - Sade Okoye,
100011800,,,10002,35,CREDIT,8918910.00,Net salary payment - Sade Okoye,
100011801,,,10002,36,DEBIT,11874823.13,Gross salary expense - Sade Okoye,
100011802,,,10002,38,DEBIT,980100.00,Employer pension expense - Sade Okoye,
100011803,,,10002,42,CREDIT,980100.00,Employer pension payable - Sade Okoye,
100011804,,,10002,29,DEBIT,8167.50,NSITF expense - Sade Okoye,
100011805,,,10002,7,CREDIT,8167.50,NSITF payable - Sade Okoye,
100011806,,,10002,45,CREDIT,13500.00,Other deduction payable - Tunde Adebayo,
100011807,,,10002,19,CREDIT,55000.00,IOU recovery - Tunde Adebayo,
100011808,,,10002,41,CREDIT,2069447.08,PAYE payable - Tunde Adebayo,
100011809,,,10002,42,CREDIT,792040.00,Employee pension payable - Tunde Adebayo,
100011810,,,10002,44,CREDIT,99005.00,NHF payable - Tunde Adebayo,
100011811,,,10002,35,CREDIT,8910450.00,Net salary payment - Tunde Adebayo,
100011812,,,10002,36,DEBIT,11939442.08,Gross salary expense - Tunde Adebayo,
100011813,,,10002,38,DEBIT,990050.00,Employer pension expense - Tunde Adebayo,
100011814,,,10002,42,CREDIT,990050.00,Employer pension payable - Tunde Adebayo,
100011815,,,10002,29,DEBIT,8250.42,NSITF expense - Tunde Adebayo,
100011816,,,10002,7,CREDIT,8250.42,NSITF payable - Tunde Adebayo,
